1;1;1;9;20;"Монитор, Samsung 23""";Samsung S23C200B;3122HLPCB00195L
2;1;2;12;20;Компьютер, системный блок, Dell Vostro 3681 Core i3-10100, 8GB, 1 Tb, Windows 10 Professional,;DEL Vostro 3681;HR27P63
3;1;27;9;20;Телефон стационарный, проводной цифровой Panasonic KX-DT321RU;Panasonic KX-DT321RU;3IATE026785
4;1;6;9;20;МФУ (принтер, копир, факс), KYOCERA Ecosys M5526cdn,;Kyocera ECOSYS M5526cdn;VE59131243
5;1;7;11;9;Принтер, HP, LaserJet P2055dn CE459A;HP LJ P2055dn CE495A;CNCKC50209
6;1;27;9;20;Не в учете;Panasonic KX-T7433RU;1LASB011278
7;1;27;9;20;Телефон стационарный, проводной цифровой Panasonic KX-DT321RU;Panasonic KX-DT321RU;2DACD015864
8;1;27;9;20;Телефон стационарный, проводной цифровой Panasonic KX-DT321RU;Panasonic KX-DT321RU;2FBCD017755
9;1;2;9;20;Компьютер, персональный компьютер, HP ProDesk 490 G3 MT i7-6700, 8GB, 1 Tb, Windows 10,;HP 500B MT;RUA0525QP6
10;1;2;9;20;Компьютер, персональный компьютер, HP 6300 i3-3220 Windows 7,;HP Compaq Pro 6300 Microtower;RUA24809HG
11;1;2;9;20;Компьютер, персональный компьютер, HP, 500B MT Pentium , Windows 7,;Compaq 500B MT;CZC9473MZZ
12;1;1;12;7;Не в учете;Samsung 931C;ME19HVMPC00372Z
13;1;1;9;20;"Монитор, Samsung S22E450B 21.5""";Samsung S22E450B;ZZK6H4LJ500039P
14;1;1;10;15;"Монитор, Samsung S24D300H 24""";Samsung S24D300H;0AJHHLLGA02065H
15;1;2;9;20;Компьютер, системный блок, HP 6200 Pro MT Core i3-2120, 2 Gb, 500 Gb, Windows 7 Professional,;HP Compaq 6200 Pro Microtower;RUA21001ZN
16;1;8;9;20;ИБП, APC, Back-UPS Pro 900,;APC BR900GI;3B1228X03524
17;1;1;8;10;"Монитор, Samsung 22""";Samsung E2220NW;0515HLOZ801955Z
18;1;27;9;20;Не в учете;Panasonic KX-DT333RU;2BACE012840
19;1;27;9;20;Не в учете;Panasonic KX-DT333RU;2BACE012815
20;2;1;4;11;Не в учете;HP Compaq LA2306x;CNC1160C5T
21;1;2;9;20;Компьютер, системный блок, HP 6200 Pro MT Core i3-2120, 2 Gb, 500 Gb, Windows 7 Professional,;HP Compaq 6200 Pro Microtower;RUA13704CN
22;1;8;9;20;ИБП, APC, Back-UPS Pro 900,;APC BR900GI;3B1228X03582
23;1;2;9;20;Компьютер, персональный компьютер, HP, 500B MT Pentium , Windows 7,;HP 500B MT;RUA0525RKP
24;1;8;9;20;ИБП, APC, Back-UPS Pro 900,;APC BR900GI;3B1228X03540
25;1;1;9;20;"Монитор, Samsung 22""";Samsung E2220NW;0515HLB200094T
26;1;27;9;20;Телефон стационарный, проводной цифровой Panasonic KX-DT321RU;Panasonic KX-DT321RU;3KBTE028614
27;1;1;8;12;Не в учете;ViewSonic VX2451mph-LED;SR5121920909
28;2;2;9;20;Компьютер, Системный блок, HP 3500 Pro MT Windows 7,;HP PRO 3500 Series MT;RUA41201P6
29;1;27;9;20;Не в учете;Panasonic KX-DT333RU;2BACE012834
30;1;10;9;20;Не в учете;Swordfish 1500XCD;1500XCD051200025
31;1;1;9;20;Не в учете;HP ZR2740w;EF41435900
32;1;27;9;20;Не в учете;Panasonic KX-DT333RU-B;1LBCD004673
33;1;2;9;20;Не в учете;HP Z210 SFF Workstation;CZC2077R4B
34;1;1;9;18;"Монитор, Samsung S24E390HL 23.6""";Samsung S24E390HL;0ATNHLLK900457X
35;1;2;7;19;Компьютер, персональный компьютер, Dell 3470 Dos,;DEL Vostro 3470;7XKVQX2
36;1;7;10;10;Не в учете;HP LJ p1566;VNC3Y22487
37;1;27;9;20;Не в учете;Panasonic KX-DT333RU;2BACE012750
38;1;4;9;20;Сканер, Canon, P-215 II;Canon ImageFormula P-215II;GY414811
39;1;27;9;20;Телефон стационарный, системный Panasonic KX-DT521RU;Panasonic KX-DT521RU;6JBTE007682
40;1;2;9;20;Компьютер, персональный компьютер, HP 280 G1 MT Dos,;HP 280 G1 MT Business PC;CZC53830SM
41;1;1;9;19;"Монитор(8528599009), Dell SE2416H 23.8""";Dell SE2416H/SE2416HX;82K54V2
42;1;7;6;20;МФУ (принтер, копир, факс), HP LaserJet Pro M426fdn, А4,;HP LJ Pro MFP m426fdn;PHBLN6K14D
43;1;1;9;20;Не в учете;Samsung 931C;ME19HVBLC26798A
44;1;27;9;20;Не в учете;Panasonic KX-T7433RU;1IBVA011793
45;1;2;9;20;Компьютер, персональный компьютер, HP, Compaq dx2400  Windows 7,;HP Compaq dx2400 Microtower;CZC91539D6
46;1;1;12;10;"Монитор, Samsung 22""";Samsung E2220NW;0515HLJZC01437J
47;1;2;9;20;Компьютер, персональный компьютер, HP, 500B MT Pentium , Windows 7,;HP 500B MT;RUA0525RK8
48;1;27;9;20;Не в учете;Panasonic KX-TS2365RUW;4IAKB591143
49;1;7;9;20;Не в учете;HP LJ 1300;CNCKD74774
50;1;1;9;5;Не в учете;Samsung 913VN;GS19HMEY613563D
51;1;27;9;20;Телефон стационарный, проводной цифровой Panasonic KX-DT321RU;Panasonic KX-DT321RU;3BACE022337
52;1;1;5;18;"Монитор, Samsung S22D300HY 21.5""";Samsung S22D300HY;0AJDHLLK500108D
53;1;27;9;20;Не в учете;Panasonic KX-T7230X;7HCVJ126364
54;1;2;9;20;Компьютер, персональный компьютер, HP 7300 Windows 7 Professional,;HP Elite 7300 Series MT;CZC130896L
55;1;2;9;20;Компьютер, Системный блок, HP 280 G1 MT HP Care Pack,;HP 280 G1 MT Business PC;CZC5490X19
56;1;2;9;20;Компьютер, персональный компьютер, HP, 500B MT Pentium , Windows 7,;HP 500B MT;RUA0505CDS
57;1;1;3;11;"Монитор, Samsung 23""";Samsung BX2340;1015HLOB300347P
58;1;27;9;20;Не в учете;Panasonic KX-T7230X;7JCVJ138039
59;1;2;9;20;Компьютер, персональный компьютер, HP, 500B MT Pentium , Windows 7,;HP 500B MT;RUA0505CG8
60;1;27;9;20;Не в учете;Panasonic KX-FT934RU - Fax;
61;1;6;12;2019;МФУ (принтер, копир, факс), HP LaserJet Pro M426fdn, А4,;HP LJ Pro MFP m426fdn;PHBLMDL50R
62;1;27;9;20;Не в учете;Panasonic KX-T7433RU;1AASA004608
63;1;1;3;4;Не в учете;Samsung 192V S;GY19HJGX302022E
64;1;4;9;20;Сканер, Canon, P-215 II;Canon ImageFormula P-215II;GY416754
65;1;2;9;20;Не в учете;HP Compaq dx2420 Microtower;CZC9311S46
66;1;1;9;8;Не в учете;Samsung 943N;MY19HMBQ900394X
67;1;27;9;20;Не в учете;Panasonic KX-T7433RU;1FASA008274
68;1;2;9;20;Компьютер, персональный компьютер, HP, dx2300 MT  DualCore PE-2160, Windows 7,;HP Compaq dx2300 Microtower;HUB74812M1
69;1;7;11;5;Не в учете;HP LJ 1022;CNBV5CKK7L
70;1;6;7;20;МФУ (принтер, копир, факс), HP LaserJet Pro M426fdn, А4,;HP LJ Pro MFP m426fdn;PHBLN7R2RY
71;1;27;9;20;Не в учете;Panasonic KX-T7433RU;1JASA008936
72;1;1;7;7;Не в учете;NEC 1970NX-BK-2(L);77B46034YB
73;1;2;9;20;Компьютер, персональный компьютер, HP, 500B MT Pentium , Windows 7,;HP 500B MT;RUA0525RKD
74;1;1;4;15;"Монитор(8528521000), HP 24""";HP ZR2740w 27'';CNT201W0S0
75;1;1;4;15;"Монитор(8528521000), HP 24""";HP ZR2740w 27'';CNT327Y0J4
76;1;3;9;20;Клавиатура, USB Apple Magic Keyboard,;Apple A1843;DTMKN-C0A53E07185B
77;1;4;9;20;Сканер, Canon, P 215 DMS;Canon ImageFormula P-215;FUR05017
78;1;10;9;20;Оборудование для резки и уничтожения бумаги, уничтожитель бумаги(шредер) HSM ShredStar X5-4.5x30;ShredStar X5;510176442
79;1;7;11;11;Принтер, HP, LaserJet P2055dn CE459A;HP LJ P2055dn CE495A;CNC1C11018
80;1;2;9;20;Компьютер, персональный компьютер, HP Z220 Xeon E3-1240 Windows 7 Professional,;HPZ220 Workstation CMT;CZC248BQS6
81;1;8;9;20;ИБП, APC, Back-UPS Pro 900,;APC BR900GI;3B1333X03512
82;1;3;9;20;Клавиатура, USB CHERRY G86-63400,;Cherry SPOS G86;052859 1388AS
83;1;27;9;20;Не в учете;Panasonic KX-DT343RU;1LBCF006691
84;1;8;9;20;ИБП, CyberPower, OR1000ELCDRM1U,;Powerman BackPro 600;1,306E+18
85;1;4;9;20;Принтер, Canon, PIXMA IX6840;Canon PIXMA iX6840;ADHN32350
86;1;9;9;20;Не в учете;HP Folio 13-1001er;CND204KWK0
87;1;1;3;10;"Монитор, Samsung 22""";Samsung 2243NW;MY22HLJZ300593T
88;1;27;9;20;Не в учете;Panasonic KX-T7433RU;0EASA001478
89;1;2;9;20;Компьютер, системный блок, HP 400 ProDesk G2 MT Core i5-4590S, 4 Gb, 500 Gb, Dos,;HP ProDesk 405 G2 MT Business PC ;CZC4322TC4
90;1;8;9;20;Не в учете;APC BR800I;5B1026T13620
91;1;1;1;15;"Монитор(8528521000), HP E241i 24""";HP Elite E241i;CN450418V7
92;1;27;9;20;Не в учете;Panasonic KX-DT343RU;2FACF008181
93;1;2;5;21;Компьютер, системный блок, Dell Vostro 3888 i3, 8GB, 256Gb SSD, Windows 10,;DELL Vostro 3888;JW0K0D3
94;1;8;9;20;ИБП, APC, Back-UPS Pro 900,;APC BR900GI;3B1225X25939
95;1;1;10;12;"Монитор(8528521000), HP 24""";HP LA2405x;CN42420ZCM
96;1;2;9;20;Компьютер, Системный блок, HP 3500 Pro MT Windows 7,;HP PRO 3500 Series MT;RUA41201K7
97;1;27;9;20;Телефон стационарный, аппарат телефонный Panasonic KX-DT521RU;Panasonic KX-DT521RU;6FATE006112
98;1;6;9;20;Не в учете;MP Rico Aficio 161;L9779502076
99;1;1;9;20;Не в учете;IIYAMA ProLite E2483HS-B1;1,12784E+12
100;1;1;9;20;Не в учете;IIYAMA ProLite E2483HS-B1;1,12784E+12
101;1;1;12;13;Не в учете;HP Pavilion 22xi 21.5 IPS LED;3CM3480NVJ
102;1;14;9;20;Сетевое оборудование, коммутатор, HP, 1920-48G,;HPE OfficeConnect 1920S JL386A;CN05K3R2BL
103;1;14;9;20;Сетевое оборудование, коммутатор, HP, 1920-48G,;HPE OfficeConnect 1920S JL386A;CN05K3R1K9
104;1;7;12;7;Не в учете;HP LJ Pro P1505;VNC3K00227
105;1;1;4;5;Не в учете;Samsung 710V C;GS17HSCY409765H
106;1;27;9;20;Не в учете;Panasonic KX-TS2361RUW;0HCKD131164
107;1;2;9;20;Компьютер, персональный компьютер, HP, 500B MT Pentium , Windows 7,;HP 500B MT;RUA04950RS
108;1;27;9;20;Не в учете;Panasonic KX-TS2361RUW;4HBKA412945
109;1;6;9;20;Не в учете;Panasonic KX-MB2030RU;3HAFQ012511
110;1;1;12;10;"Монитор, Samsung 22""";Samsung E2220NW;0515HLJC02240D
111;1;2;12;18;Компьютер, персональный компьютер, Dell Vostro 3670-0939 Core i3-8100, 4 Gb, 1 Tb, Linux,;Vostro 3670;95FWZS2
112;1;1;9;20;Не в учете;NEC LCD1904M;54302639NB
113;1;2;12;20;Компьютер, системный блок, Dell Vostro 3681 Core i3-10100, 8GB, 1 Tb, Windows 10 Professional,;Vostro 3681;6NQHF73
114;1;27;9;20;Телефон стационарный, аппарат телефонный Panasonic KX-DT521RU;Panasonic KX-DT521RU;7CBTE005248
115;1;2;8;18;Компьютер, системный блок, Lenovo IdeaCentre 90hx001brs Без предустановленного ПО,;Lenovo Ideacentre 310S-08IGM 90HX001URS;R305VHAR
116;1;1;6;9;Не в учете;Samsung 923NW;HA19H9CS608097A
117;1;27;9;20;Не в учете;Panasonic KX-TS2350RUB;9IAMF442598
118;1;27;9;20;Не в учете;Panasonic KX-T2310;8DBTF401229
119;1;27;9;20;Не в учете;Panasonic KX-T2355;5LCZC046562
120;1;1;9;20;Не в учете;Samsung 931C;ME19HVMPC00432R
121;1;2;9;20;Компьютер, Системный блок, HP 3500 Pro MT Windows 7,;HP PRO 3500 Series MT;RUA31501NC
122;1;1;7;12;"Монитор, Samsung S22B300B 21.5""";Samsung S22B300N;2114HLNC702755N
123;1;2;9;20;Компьютер, системный блок, HP 6200 Pro MT Core i3-2120, 2 Gb, 500 Gb, Windows 7 Professional,;HP Compaq 6200 Pro Microtower;RUA21001ZV
124;1;2;9;20;Компьютер, системный блок, HP 6200 Pro MT Core i3-2120, 2 Gb, 500 Gb, Windows 7 Professional,;HP Compaq 6200 Pro Microtower;RUA24807FG
125;1;1;11;12;Не в учете;Samsung S20C200B;3121HLPCB00207L
126;1;2;8;18;Компьютер, системный блок, Lenovo IdeaCentre 90hx001brs Без предустановленного ПО,;Lenovo Ideacentre 310S-08IGM 90HX001URS;R305VHB2
127;1;27;9;20;Не в учете;Panasonic KX-T2365;7GATB367289
128;1;1;2;14;Не в учете;HP Pavilion 22xi 21.5 IPS LED;3CM4060CJQ
129;1;9;9;20;Не в учете;HP Essential 630 B7B23EA;5CB2261N28
130;1;27;9;20;Не в учете;Panasonic KX-T2365;0HALB125128
131;1;1;6;11;"Монитор, Samsung E2220N 21.5""";Samsung E2220NW;0515HLPB600450Z
132;1;27;9;20;Телефон стационарный, проводной цифровой Panasonic KX-DT321RU;Panasonic KX-DT321RU;3IATE026997
133;1;2;9;20;Компьютер, системный блок, HP 6200 Pro MT Core i3-2120, 2 Gb, 500 Gb, Windows 7 Professional,;HP Compaq 6200 Pro Microtower;CZC12357Y0
134;1;27;9;20;Не в учете;Panasonic KX-T2365;41BTA021003
135;1;6;9;20;МФУ (принтер, копир, факс), KYOCERA Ecosys M2540dn,;Kyocera ECOSYS M2540dn;VCG7743457
136;1;2;9;20;Компьютер, персональный компьютер, HP, 500B MT Pentium , Windows 7,;Compaq 500B MT;RUA0220V3W
137;1;1;9;20;"Монитор, Samsung 22""";Samsung LS22A350H;1397HLPC101712B
138;1;2;9;20;Компьютер, персональный компьютер, HP, 500B MT Pentium , Windows 7,;Compaq 500B MT;CZC9473MTT
139;1;27;9;20;Не в учете;Panasonic KX-T2365;сер.№ номер стерт
140;1;4;9;20;Не в учете;HP Scanjet G3110;CN03TA50WH
141;1;1;9;20;Не в учете;Samsung 943N;MY19HMDS702436P
142;1;7;5;15;Принтер, HP, LaserJet Enterprise M601dn;HP LJ Enterprise 600 M601dn (CE990A);CDNVH141HM
143;2;7;5;9;Принтер лазерный НР3005NA4;HP LJ P3005DN (Q7815A);CNS2P47768 (4534)
144;1;27;9;20;Не в учете;Panasonic KX-TS388RUW;1LAKD014375
145;1;2;9;20;Компьютер, системный блок, HP 6200 Pro MT Core i3-2120, 2 Gb, 500 Gb, Windows 7 Professional,;HP Compaq 6200 Pro Microtower;RUA230014Y
146;1;1;7;13;"Монитор(8528521000), Samsung S23E200B 23""";Samsung S23C200B;3122HLND700603M
147;1;27;9;20;Не в учете;Panasonic KX-FT31RS Fax;0ECRB017909
148;1;2;9;20;Компьютер, Системный блок, HP 3500 Pro MT Windows 7,;HP PRO 3500 Series MT;RUA33501NW
149;1;4;9;20;Не в учете;HP Scanjet G3110;CN03TA50TH
150;1;6;11;4;Не в учете;Xerox WorkCentre 415;ZZE-3502810137
151;1;1;11;16;"Монитор, Samsung S22E200NY 21.5""";Samsung S22E200NY;0AZVHLLHB01302R
152;1;2;9;20;Компьютер, персональный компьютер, HP 400 G3PD MT i56500 Dos,;HP ProDesk 400 G3 MT Business PC;CZC64372GT
153;1;27;9;20;Телефон стационарный, аппарат телефонный Panasonic KX-TS2352RU;Panasonic KX-TS2352RUB;8AAKF180022
154;1;8;9;20;ИБП, APC, Back-UPS Pro 900,;APC BR900GI;3B1326X08085
155;1;1;10;9;Не в учете;Samsung 943NW;MY19H9FSA44599L
156;1;2;9;20;Компьютер, персональный компьютер, HP 6300 i3-3220 Windows 7,;HP Compaq Pro 6300 Microtower;RUA24809GJ
157;1;7;4;13;МФУ (принтер, копир, факс), HP LaserJet Pro 400 M425dn,;HP LaserJet Pro 400 MFP M425dn (CF286A);CND8F4TH15
158;1;1;10;2011;"Монитор, Samsung E2220N 21.5""";Samsung EX2220;1744HLPBA01694R
159;1;2;12;20;Компьютер, системный блок, Dell Vostro 3681 Core i3-10100, 8GB, 1 Tb, Windows 10 Professional,;Vostro 3681;5NQHF73
160;1;27;9;20;Не в учете;Panasonic KX-T2365;6JATB045963
161;1;27;9;20;Не в учете;Panasonic KX-TS2361RUW;6ABKA643316
162;1;2;2;21;Компьютер, системный блок, Dell Vostro 3681 Core i3-10100, 8GB, 1 Tb, Windows 10 Professional,;Vostro 3681;GMQHF73
163;1;1;3;10;"Монитор, Samsung 22""";Samsung 2243NW;MY22HLJZ300942K
164;1;27;9;20;Не в учете;Panasonic KX-TS2350RUW;5ABKL642486
165;1;2;9;20;Компьютер, Системный блок, HP 3500 Pro MT Windows 7,;HP PRO 3500 Series MT;RUA313044N
166;1;1;7;8;Не в учете;Samsung 943SN;MY19HMGS700446N
167;1;2;9;20;Компьютер, персональный компьютер, HP, Compaq dx2400  Windows 7,;HP Compaq dx2420 Microtower;CZC9430CCR
168;1;1;4;6;Не в учете;Samsung 940N;HA19H9NL402788R
169;1;27;9;20;Не в учете;Panasonic KX-TS2388RUW;2ABKD015862
170;1;2;9;20;Компьютер, персональный компьютер, HP, Compaq dx2400  Windows 7,;HP Compaq dx2400 Microtower;CZC8404132
171;1;4;9;20;Не в учете;HP Scanjet G3110;CN01BA52W3
172;1;1;7;8;Не в учете;Samsung 943N;MY19HMBQ719572B
173;1;7;8;12;МФУ (принтер, копир, факс), HP LaserJet Pro 400 M425dn,;HP LaserJet Pro 400 M401dw CF285A;VNC3M16654
174;1;1;6;21;"Монитор, Samsung 27""";Samsung F27T700QQI;4JC8H9PR100562L
175;1;2;11;17;Компьютер, персональный компьютер, Dell Optiplex 3050 MT Windows 10,;OptiPlex 3050;G2QMCM2
176;1;27;9;20;Не в учете;Panasonic KX-TS2350RUB;1HCKI303119
177;1;27;9;20;Не в учете;Panasonic KX-TS2361RUW;0HCKD131159
178;1;2;9;20;Компьютер, персональный компьютер, HP, 500B MT Pentium , Windows 7,;HP 500B MT;RUA0372YHQ
179;1;4;9;20;Не в учете;Canon ImageFormula P-215;FUA77889
180;1;1;3;19;"Монитор(8528521000), Dell E2218HN 21.5""";Dell E2218HN;7R5D4T2
181;1;1;4;21;"Монитор(8528599009), Dell E2420HS 23.8""";Dell E2420H;2CNK5C3
182;1;27;9;20;Не в учете;Panasonic KX-TS2361RUW;0HCKD131074
183;1;4;9;20;Сканер, Canon, CanoScan LiDE 400;Canon CanoScan Lide700F;KDUB50107
184;1;2;12;18;Компьютер, персональный компьютер, Dell Vostro 3670-0939 Core i3-8100, 4 Gb, 1 Tb, Linux,;Vostro 3670;HLDWZS2
185;1;1;11;11;"Монитор, Samsung E2220N 21.5""";Samsung EX2220;1744HLPBB01592E
186;1;1;3;19;"Монитор(8528599009), Dell E2218HN 21.5""";Dell E2218HN;3P2D4T2
187;1;2;9;20;Компьютер, Системный блок, HP 3500 Pro MT Windows 7,;HP PRO 3500 Series MT;RUA313045M
188;1;7;11;18;Принтер, Xerox, Phaser 3260DNI;Xerox Phaser 3260;3363490467
189;1;4;9;20;Сканер, Canon, CanoScan LiDE 400;Canon CanoScan Lide700F;KDUB67089
190;1;27;9;20;Не в учете;Panasonic KX-TS2350RUS;1BAKD044562
191;1;27;9;20;Не в учете;Panasonic KX-TS2361RUW;4CCKA33862*
192;1;1;11;23;"Монитор(8528521000), Samsung S23E200B 23""";Samsung S23C200B;3122HLNDB00198L
193;1;2;10;20;Компьютер, Системный блок, HP 3500 Pro MT Windows 7,;HP PRO 3500 Series MT;RUA33501NR
194;1;1;12;12;"Монитор, Samsung 22""";Samsung S20C200B;3121HLPCC00124H
195;1;27;9;20;Не в учете;Panasonic KX-T2365;41BTA021010
196;1;1;9;19;"Монитор, Samsung S22E200NY 21.5""";Samsung S22E200NY;0AZVHLLH900856H
197;1;2;9;20;Компьютер, системный блок, HP 400 ProDesk G2 MT Core i5-4590S, 4 Gb, 500 Gb, Dos,;HP ProDesk 400 G3 MT Business PC;CZC6327QJ9
198;1;27;9;20;Не в учете;Panasonic KX-TS2361RUW;5GCKA560169
199;1;1;11;12;"Монитор, Samsung 22""";Samsung S20C200B;312HLPCB00209R
200;1;2;9;20;Компьютер, персональный компьютер, HP 6300 i3-3220 Windows 7,;HP Compaq Pro 6300 Microtower;RUA24807FH
201;1;2;9;20;Компьютер, Системный блок, HP 3500 Pro MT Windows 7,;HP PRO 3500 Series MT;RUA315041B
202;1;2;9;20;Компьютер, персональный компьютер, HP, 500B MT Pentium , Windows 7,;Compaq 500B MT;CZC0050KTB
203;1;6;9;20;МФУ (принтер, копир, факс), Panasonic KX-MB2030RU,;Panasonic KX-MB2030RU;0HCFB005980
204;1;1;9;15;"Монитор, Samsung S22E200NY 21.5""";Samsung S22E200NY;0AZVHLLG900254T
205;1;6;9;20;Не в учете;HP Color LaserJet CM1015 (личный, не трогать);CNF87BKGD0
206;1;27;9;20;Телефон стационарный, системный Panasonic KX-DT521RU;Panasonic KX-DT521RU-B;7CBTE005249
207;1;4;9;20;Сканер, Canon, CanoScan LiDE 220;Canon CanoScan Lide700F;KDUB40446
208;1;1;9;6;Не в учете;Samsung 940N;HA19HMDL928222T
209;1;2;9;20;Компьютер, персональный компьютер, HP, Compaq dx2400  Windows 7,;HP Compaq dx2400 Microtower;CZC8404992
210;1;27;9;20;Телефон стационарный, IP-телефон Panasonic KX-NT511ARUW;Panasonic KX-NT511ARUW;5BATB004614
211;1;27;9;20;Не в учете;Panasonic KX-TS2388RUW;2BAKD017205
212;1;27;9;20;Не в учете;Panasonic KX-TS2388RUW;2ABKD015944
213;1;27;9;20;Не в учете;Panasonic KX-TS2388RUW;1LAKD014376
214;1;1;7;13;"Монитор, Samsung S22D300HY 21.5""";Samsung S22C200N;3128HLND700512V
215;1;6;3;15;МФУ (принтер, копир, факс), HP LaserJet Pro M225 (CF485A), А4,;HP LaserJet Pro MFP M225dn (CF484A);CNB9H3M33B
216;1;2;9;20;Компьютер, Системный блок, HP 3500 Pro MT Windows 7,;HP PRO 3500 Series MT;RUA34107DF
217;1;1;2;6;Не в учете;Samsung SyncMaster 730BF;BI17HMEL207101T
218;1;2;11;20;Компьютер, системный блок, Dell Vostro 3681 Core i3-10100, 8GB, 1 Tb, Windows 10 Professional,;Vostro 3681;2NQHF73
219;1;1;9;13;"Монитор, Samsung 23""";Samsung S23C200B;3122HLND901907R
220;1;2;9;20;Компьютер, персональный компьютер, HP 400G1PD DM Windows 7 Professional,;HP ProDesk 400 G1 DM Business PC;CZC5103YCP
221;1;7;8;12;Принтер, HP, LaserJet Pro 400 M401d;HP LaserJet Pro 400 M401dw CF285A;VNC3M16655
222;1;2;9;20;Компьютер, системный блок, Dell Vostro 3681 Core i3-10100, 8GB, 1 Tb, Windows 10 Professional,;Vostro 3681;BR27P63
223;1;1;9;8;Не в учете;Samsung 943N;MY19HMBQA01123N
224;1;14;9;20;Не в учете;HP ProCurve Switch 408 8-Ports 10Base-T 100Base-TX Fast Ethernet switch;CN902ZN0XJ
225;1;4;9;20;Сканер, Canon, CanoScan LiDE 400;Canon CanoScan Lide700F;KDUB23144
226;1;7;9;20;Принтер, Brother, QL-570;Brother QL-570;E70239-M6Z324343
227;1;1;12;13;"Монитор, Samsung 23""";Samsung S23C200B;3122HLNDC00336V
228;1;2;9;20;Компьютер, персональный компьютер, HP 280 G1 MT Dos,;HP 280 G1 MT Business PC;CZC534092X
229;1;14;9;20;;HP Switch 1810-24G, J9801-60101;CN50FRR09Z
230;1;19;9;20;Сетевое оборудование, шкаф серверный, Hyperline, TWB-0945-GP-RAL9004,;Hyperline;187/340
231;1;7;4;15;Не в учете;HP LaserJet Pro P1102 RU (CE651A);VNF5W50277
232;1;1;11;0;Не в учете;Samsung 570BTFT;CN15H4VNBO4967Z
233;1;2;9;20;Компьютер, системный блок, HP 400 ProDesk G2 MT Core i5-4590S, 4 Gb, 500 Gb, Dos,;HP ProDesk 400 G2 MT;CZC44342KX
234;1;27;9;20;Телефон стационарный, IP-телефон Panasonic KX-NT511ARUW;Panasonic KX-NT511ARUB;6JATC007722
235;1;2;9;20;Компьютер, персональный компьютер, HP, 500B MT Pentium , Windows 7,;HP 500B MT;RUA0352KCX
236;1;1;9;10;"Монитор, Samsung E2220N 21.5""";Samsung E2220NW;0515HLOZ901584K
237;1;27;9;2;Не в учете;Panasonic KX-TS2388RUW;2ABKD015292
238;1;1;11;1;Не в учете;Samsung 151S;GH15HVFRB00901X
239;1;27;9;20;Не в учете;Panasonic KX-T2365;8JCTB921579
240;1;2;9;20;Компьютер, персональный компьютер, HP, 500B MT Pentium , Windows 7,;HP 500B MT;RUA0352K9J
241;1;27;9;20;Не в учете;Panasonic KX-FT934RU - Fax;8DAWA083270
242;1;1;8;13;"Монитор, Samsung 22""";Samsung S22C200N;LS22C20KNS/CI
243;1;2;9;20;Компьютер, персональный компьютер, HP 400G1PD DM Windows 7 Professional,;HP ProDesk 400 G1 DM Business PC;CZC5103YCN
244;1;1;11;19;"Монитор(8528599009), Samsung S27E390H 27""";Samsung S27E390H;BZPRH4ZMB00128D
245;1;2;9;20;Компьютер, персональный компьютер, HP 7300 Windows 7 Professional,;HP Elite 7300 Series MT;CZC130896Y
246;1;27;9;20;Телефон стационарный, проводной цифровой Panasonic KX-DT321RU;Panasonic KX-DT321RU;2IACD020991
247;1;7;7;11;Принтер, HP, LaserJet P2055dn CE459A;HP LaserJet P2055dn(CE495A);CNCF812618
248;1;27;9;20;Телефон стационарный, проводной цифровой Panasonic KX-DT321RU;Panasonic KX-DT321RU;2IACD007058
249;1;1;9;18;"Монитор(8528599009), Dell SE2416H 23.8""";Dell SE2416H/SE2416HX;JZYVNL2
250;1;2;11;20;Компьютер, системный блок, Dell Vostro 3681 Core i3-10100, 8GB, 1 Tb, Windows 10 Professional,;Vostro 3681;FMQHF73
251;1;27;9;20;Не в учете;Panasonic KX-T2365;9KBLB001329
252;1;2;9;20;Компьютер, персональный компьютер, HP, 500B MT Pentium , Windows 7,;HP 500B MT;RUA0352KD2
253;1;1;7;9;Не в учете;Samsung 943N;MY19HMDS713255L
254;1;1;9;18;"Монитор(8528521000), Dell 23""";Dell E2318H;GR4GZP2
255;1;27;9;20;Телефон стационарный, проводной цифровой Panasonic KX-DT321RU;Panasonic KX-DT321RU-B;2IACD007059
256;1;7;5;6;Не в учете;HP LaserJet 1160;CNM1H40537
257;2;2;9;20;Компьютер, Системный блок, HP 3500 Pro MT Windows 7,;HP PRO 3500 Series MT;RUA34601X4
258;1;1;4;18;"Монитор, Samsung 22""";Samsung S22D300HY;0AJDHLLK400773F
259;1;2;9;20;Компьютер, системный блок, HP 6200 Pro MT Core i3-2120, 2 Gb, 500 Gb, Windows 7 Professional,;HP Compaq 6200 Pro Microtower;RUA230011V
260;1;7;8;12;МФУ (принтер, копир, факс), HP LaserJet Pro 400 M425dn,;HP LaserJet Pro 400 Printer M401dn (CF278A);VNC3J43857
261;1;27;9;20;Телефон стационарный, проводной цифровой Panasonic KX-DT321RU;Panasonic KX-DT321RU;2IACD020987
262;1;4;9;20;Не в учете;HP Scanjet G3110;CN08GA501T
263;1;2;9;20;Компьютер, Системный блок, HP 3500 Pro MT Windows 7,;HP PRO 3500 Series MT;RUA31503YF
264;1;1;6;9;Не в учете;Samsung 923NW;HA19H9CS607669B
265;1;27;9;20;Телефон стационарный, аппарат телефонный Panasonic KX-TS2352RU;Pasonic KX-TS2352RUB;1LAKA053912
266;1;2;4;20;Компьютер, системный блок, Dell Vostro 3671 i3-9100, 4 Gb, 1 Tb, Dos,;Vostro 3671;86Y8933
267;1;1;7;21;"Монитор(8528599009), Dell E2218HN 21.5""";Dell E2218HN;FQKFV33
268;1;2;4;18;Компьютер, персональный компьютер, Dell Vostro 3268, Intel Core i57400/DDR4 4GB/500GB Dos,;Vostro 3268;FGM57P2
269;1;1;1;11;"Монитор, Samsung 23""";Samsung F2380;0918HLOB100160A
270;1;6;4;10;МФУ (принтер, копир, факс), HP LaserJet M1536 , принтер+сканер+копир А4,;HP LJ 1536dfn MFP;CND9D49BGN
271;1;2;9;20;Не в учете;ПК DNS Office (Ростов);F5LEA006962-0M
272;1;1;7;13;"Монитор, Samsung 23""";Samsung S23C200B;3122HLND700611N
273;1;1;9;20;Компьютер, Системный блок, HP 280 G1 MT HP Care Pack,;HP 280 G1 MT Business PC;CZC5522D7K
274;1;1;6;10;"Монитор, Samsung E2220N 21.5""";Samsung E2220NW;0515HLJZ601076R
275;1;2;9;20;Компьютер, персональный компьютер, HP, 500B MT Pentium , Windows 7,;HP 500B MT;RUA0505CF4
276;1;1;7;20;"Монитор(8528599009), Dell E2420HS 23.8""";Dell E2420HS;31NNV33
277;1;2;4;20;Компьютер, системный блок, Dell Vostro 3671 i3-9100, 4 Gb, 1 Tb, Windows 10 Professional,;Vostro 3671;56Y8933
278;1;1;7;20;"Монитор(8528599009), Dell E2218HN 21.5""";Dell E2218HN;JQKFV33
279;1;7;9;20;Не в учете;HP LJ 1160;CNM1G47517
280;1;1;10;10;"Монитор, Samsung E2220N 21.5""";Samsung E2220NW;0515HLJZA01094F
281;1;2;9;20;Компьютер, персональный компьютер, HP, 500B MT Pentium , Windows 7,;HP 500B MT;RUA0484XN5
282;1;7;11;10;Принтер, HP, LaserJet P2055dn CE459A;HP LJ P2055dn CE495A;CNCK845394
283;1;4;9;20;Сканер, Canon, CanoScan LiDE 400;Canon CanoScan Lide700F;KDUB09572
284;1;1;7;21;"Монитор(8528521000), Dell 24""";Dell E2420HS;8R97XC3
285;1;2;9;20;Компьютер, персональный компьютер, HP, 500B MT Pentium , Windows 7,;HP 500B MT;RUA0220V2T
286;1;2;9;20;Компьютер, персональный компьютер, HP, 500B MT Pentium , Windows 7,;HP 500B MT;RUA032212Z
287;1;1;3;18;"Монитор, Samsung 22""";Samsung S22D300HY;0AJDHLLK300110W
288;1;1;5;16;"Монитор, Samsung S22E200NY 21.5""";Samsung S22E200NY;0AZVHLLH501172V
289;1;2;9;20;Компьютер, Системный блок, HP ProDesk 600 G1 TWR Core i5-4570, 4 Gb, 500 Gb, Dos,;HP ProDesk 600 G1 TWR;CZC4374F2T
290;1;1;6;20;"Монитор(8528599009), Dell E2218HN 21.5""";Dell E2218HN;HRKFV33
291;1;1;1;13;"Монитор, Samsung S22C200N 21.5""";Samsung S22C200B;3123HLPD100180D
292;1;2;9;20;Компьютер, Системный блок, HP 3500 Pro MT Windows 7,;HP PRO 3500 Series MT;RUA3430CDM
293;1;2;9;20;Компьютер, персональный компьютер, HP 280 G1 MT Dos,;HP 280 G2 MT Business PC;CZC624BD4Q
294;1;1;7;13;"Монитор, Samsung 23""";Samsung S23C200B;3122HLND700802E
295;1;8;9;20;ИБП, APC, Back-UPS BR900G-RS,;APC BR900G-RS;4B2022P04836
296;1;24;9;20;Система контроля, доступ, видеорегистратор,;Hikvision DS-7616NI-E2;662082300
297;1;8;9;20;ИБП, APC, Back-UPS Pro 900,;APC BR900G-RS;4B2022P04927
298;1;2;9;20;Компьютер, персональный компьютер, HP 7300 Windows 7 Professional,;HP Elite 7200MI;CZC118BXNR
299;1;2;9;20;Компьютер, персональный компьютер, HP 7300 Windows 7 Professional,;HP Elite 7300 Series MT;CZC1470NDT
300;1;1;10;18;"Монитор, Samsung S24E390HL 23.6""";Samsung S24E390HL;0ATNHLLKA01480E
301;1;2;9;20;Компьютер, персональный компьютер, HP 7300 Windows 7 Professional,;HP Elite 7200MT;CZC1268J97
302;1;2;9;20;Компьютер, персональный компьютер, HP 7300 Windows 7 Professional,;HP Elite 7200MT;CZC1268J92
303;1;27;9;20;Не в учете;Panasonic KX-T7250X;4KAVB018547
304;1;27;9;20;Не в учете;Panasonic KX-TS2365RUW;3HBK8365914
305;1;27;9;20;Не в учете;Panasonic KX-T7230RU;8ECVA003403
306;1;27;9;20;Не в учете;Panasonic KX-T7230X;4FBVD006234
307;1;27;9;20;Не в учете;Panasonic KX-T7230RU;8FCVA006219
308;1;27;9;20;Не в учете;Panasonic KX-T7433RU;3CBSB023431
309;1;8;9;20;ИБП, APC, Back-UPS Pro 900,;APC BR900GI;3B1303X18193
310;1;2;9;20;Компьютер, системный блок, HP 6200 Pro MT Core i3-2120, 2 Gb, 500 Gb, Windows 7 Professional,;HP Compaq 6200 Pro Microtower;RUA13103L2
311;1;2;11;18;Компьютер, персональный компьютер, Dell 3470-0908 Core i3-8100, 4 Gb, 1 Tb, Linux,;Vostro 3470;2HL30T2
312;1;2;9;20;Компьютер, персональный компьютер, HP, 500B MT Pentium , Windows 7,;HP 500B MT;RUA0322232F
313;1;2;9;18;Компьютер, персональный компьютер, Dell 3470-0908 Core i3-8100, 4 Gb, 1 Tb, Linux,;Vostro 3470;DW1BLR2
314;1;2;4;18;Компьютер, персональный компьютер, Dell Vostro 3268, Intel Core i57400/DDR4 4GB/1000GB Dos,;Vostro 3268;FGR47P2
315;1;2;11;18;Компьютер, персональный компьютер, Dell Vostro 3670-0939 Core i3-8100, 4 Gb, 1 Tb, Linux,;Vostro 3670;2F300T2
316;1;2;9;20;Компьютер, системный блок, HP 6200 Pro MT Core i3-2120, 2 Gb, 500 Gb, Windows 7 Professional,;HP Compaq 6200 Pro Microtower;CZC12357XF
317;1;2;9;20;Компьютер, персональный компьютер, HP 7300 Windows 7 Professional,;HP Elite 7500 Series MT;CZC23551RC
318;1;2;9;20;Компьютер, персональный компьютер, HP 280 G1 MT Dos,;HP 280 G1 MT Business PC;CZC53830SB
319;1;2;9;20;Компьютер, системный блок, HP 6200 Pro MT Core i3-2120, 2 Gb, 500 Gb, Windows 7 Professional,;HP Compaq 6200 Pro Microtower;RUA13205P6
320;1;2;9;20;Компьютер, персональный компьютер, HP 7300 Windows 7 Professional,;HP Elite 7300 Series MT;CZC1300ZVP
321;1;1;10;18;"Монитор, Samsung S24F350FHI 23.5""";Samsung S24E390HL;0ATNHLLKA01437D
322;1;1;2;18;Не в учете;HP 27ea;3CM80607B5
323;1;1;6;15;"Монитор, Samsung 23""";Samsung S23E200B;0MYUHTLG600908Y
324;1;1;1;13;"Монитор, Samsung 22""";Samsung S22C200N;3128HLPD100892Z
325;1;1;2;9;Не в учете;Acer v223HD;90908926340
326;1;1;5;10;"Монитор, Samsung E2220N 21.5""";Samsung E2220NW;0515HLOZ500911Y
327;1;1;10;18;"Монитор, Samsung S24E390HL 23.6""";Samsung S24E390HL;0ATNLLKA01479V
328;1;1;9;10;"Монитор, Samsung 22""";Samsung P2250N;096HLJZ900488R
329;1;1;6;15;"Монитор, Samsung 23.6""";Samsung S23E200B;0MYUHTSG600315L
330;1;1;4;15;"Монитор, Samsung 22""";Samsung LS22C20K;3128HLLG401495J
331;1;1;4;11;Не в учете;HP Compaq LA2306x;CNC1160C5V
332;1;1;2;19;"Монитор, Samsung S24E390HL 23.6""";Samsung S24E390HL;0ATNHLLM200510T
333;1;1;2;19;"Монитор, Samsung S24E390HL 23.6""";Samsung S24E390HL;0ATNHLLM200501Z
334;1;1;10;11;"Монитор, Samsung S24F350FHI 23.5""";Samsung LS24A450BW;1947HLPBA00964M
335;1;1;5;15;"Монитор(8528521000), Philips 27""";Philips 274e;UHBA1521010111
336;1;1;7;12;"Монитор, Samsung 22""";Samsung S22B300N;2114HLNC702585P
337;1;7;10;13;Не в учете;Принтер HP LJ Pro P1102w CE658A;VNF4503661
338;1;27;9;20;Не в учете;Panasonic KX-T7433RU;1JASA009477
339;1;2;9;20;Компьютер, Системный блок, HP 3500 Pro MT Windows 7,;HP PRO 3500 Series MT;RUA313044Z
340;1;2;9;20;Компьютер, персональный компьютер, HP 7300 Windows 7 Professional,;HP Elite 7300 Series MT;CZC1457GBH
341;1;27;9;20;Не в учете;Panasonic KX-T7433RU;3CBSB023429
342;1;7;11;13;Принтер, HP, LaserJet Pro 400 M401d;HP LJ Pro 400 Printer M401dn (CF278A);PHHGD04182
343;1;27;9;20;Не в учете;Panasinic KX-T7433RU;0LBVA007753
344;1;27;9;20;Не в учете;Panasinic KX-T7433RU;7EBSB059497
345;1;27;9;20;Телефон стационарный, проводной цифровой Panasonic KX-DT321RU;Panasinic KX-DT321RU;3IATE026994
346;1;27;9;20;Телефон стационарный, аппарат телефонный Ritmix RT-320;Ritmix RT-320;RT320103320200102147
347;1;27;9;20;Не в учете;Panasonic KX-DT333RU;2BACE012771
348;1;27;9;20;Телефон стационарный, аппарат телефонный Ritmix RT-320;Ritmix RT-320;RT320103320170900994
349;1;27;9;20;Не в учете;Panasonic KX-DT333RU-B;1LBCD004690
350;1;27;9;20;Не в учете;Panasonic KX-T7433RU;2ICVB016406
351;1;2;7;19;Компьютер, персональный компьютер, Dell Vostro 3670-0939 Core i3-8100, 4 Gb, 1 Tb, Linux,;Vostro 3670;4FGVQX2
352;1;2;9;20;Компьютер, Системный блок, HP 3500 Pro MT Windows 7,;HP PRO 3500 Series MT;RUA31605TR
353;1;2;9;20;Компьютер, системный блок, HP 6200 Pro MT Core i3-2120, 2 Gb, 500 Gb, Windows 7 Professional,;HP Compaq 6200 Pro Microtower;RUA203080F
354;1;2;9;20;Компьютер, персональный компьютер, HP 7300 Windows 7 Professional,;HP Elite 7300 Series MT;CZC1457GBB
355;1;2;9;20;Компьютер, системный блок, HP 6200 Pro MT Core i3-2120, 2 Gb, 500 Gb, Windows 7 Professional,;HP Compaq 6200 Pro Microtower;RUA20500S8
356;1;2;9;20;Компьютер, системный блок, HP 6200 Pro MT Core i3-2120, 2 Gb, 500 Gb, Windows 7 Professional,;HP Compaq 6200 Pro Microtower;RUA14004T2
357;1;6;9;20;МФУ (принтер, копир, факс), KYOCERA Ecosys M3040IDN, А4,;ECOSYS M3040dn;LS67433179
358;1;6;9;20;МФУ (принтер, копир, факс), KYOCERA Ecosys M3040IDN, А4,;ECOSYS M3040dn;LS67535081
359;1;1;1;12;"Монитор, Samsung 22""";Samsung LS22A350H;1397HLPC101788A
360;1;1;8;13;"Монитор, Samsung 22""";Samsung S22C200B;3123HLPD802406E
361;1;1;8;20;"Монитор(8528521000), Dell 24""";Dell E2420HS;GXSBV33
362;1;1;12;13;Не в учете;HP Pavilion 22xi 21.5 IPS LED;3CM3480NV9
363;1;1;8;13;"Монитор, Samsung 22""";Samsung S22C200B;3123HLPD802413F
364;1;1;11;18;"Монитор, Samsung S24E390HL 23.6""";Samsung S24E390HL;0ATNHLLKB01260D
365;1;1;12;13;Не в учете;HP Pavilion 22xi 21.5 IPS LED;3CM3210KOP
366;1;27;9;20;Не в учете;Panasonic KX-TS2361RUW;7GCKB847024
367;1;7;6;12;Принтер, HP, LaserJet Pro 400 M401d;HP LJ Pro 400 M401dw CF285A;VNC3M07283
368;1;7;9;20;Не в учете;HP LJ P1505n Printer (CB413A);CNCJ603659
369;1;1;12;12;"Монитор, Samsung 21.5""";Samsung S20C200B;3121HLPCC00114V
370;1;1;10;17;"Монитор, Samsung S24E390HL 23.6""";Samsung S24E390HL;0ATNHLLJA0141H
371;1;1;10;17;"Монитор, Samsung S24E390HL 23.6""";Samsung S24E390HL;0ATNHLLJA01404E
372;1;1;9;10;"Монитор, Samsung 22""";Samsung E2220NW;0515HLOZ901479H
373;1;1;6;17;"Монитор, Samsung S24E390HL 23.6""";Samsung S24E390HL;0ATNHLLJ600417M
374;1;1;5;10;"Монитор, Samsung 22""";Samsung E2220NW;0515HLJZ500917E
375;1;1;1;20;"Монитор(8528599009), Dell E2418HN 23.8""";Dell E2418HN;B9FRCZ2
376;1;1;8;19;"Монитор(8528599009), Dell E2418HN 23.8""";Dell E2418HN;8C73WQ2
377;1;27;9;20;Не в учете;Panasonic KX-T7433RU;1GASA008477
378;1;27;9;20;Не в учете;Panasonic KX-T7230RU;8ECVA003293
379;1;2;9;20;Компьютер, персональный компьютер, HP ProDesk 400 G4 SFF i3-7100, 4 Gb, 500 Gb, Windows 10 Professional,;HP ProDesk 400 G4 SFF Business PC;CZC73291TJ
380;1;1;11;14;"Монитор, Samsung S24D300H 24""";Samsung S24D390HL;0A1THLNFB01554L
381;1;1;1;13;"Монитор, Samsung 22""";Samsung S22C200N;3128HLPD100865V
382;1;2;9;20;Компьютер, Системный блок, HP 3500 Pro MT Windows 7,;HP PRO 3500 Series MT;RUA31503ZQ
383;1;7;5;13;Не в учете;HP LJ Pro P1600 (CE749A);VNF3K42134
384;1;8;9;20;ИБП, APC, Back-UPS Pro 900,;APC BR900GI;4B1908P45984
385;1;2;9;20;Компьютер, персональный компьютер, HP 7300 Windows 7 Professional,;HP Elite 7300 Series MT;CZC13706ZD
386;1;2;8;17;Компьютер, персональный компьютер, Dell Optiplex 3050 MT Windows 10,;OptiPlex 3050;CW7V1L2
387;1;8;9;20;ИБП, APC, Back-UPS Pro 900,;APC BR900GI;4B1817P26605
388;1;2;9;20;Компьютер, персональный компьютер, HP 280 G1 MT Dos,;HP 280 G2 MT Business PC;CZC6399LDT
389;1;2;9;20;Компьютер, системный блок, HP 6200 Pro MT Core i3-2120, 2 Gb, 500 Gb, Windows 7 Professional,;HP Compaq 8200 Elite SFF;RUA230064B
390;1;27;9;20;Не в учете;Panasonic KX-T7433RU;0LBVA007752
391;1;27;9;20;Не в учете;Panasonic KX-T7431RU;7IASB031239
392;1;27;9;20;Телефон стационарный, проводной цифровой Panasonic KX-DT321RU;Panasonic KX-DT321RU;3KBTE028612
393;1;27;9;20;Не в учете;Panasonic KX-T7230RU;8GCVA008167
394;1;27;9;20;Не в учете;Panasonic KX T7230RU;9FAVA009545
395;1;27;9;20;Не в учете;Panasonic KX-T7433RU;0LBVA007752
396;1;6;9;20;Не в учете;Brother MFC-J6910DW;E68614B2F315805
397;1;7;9;20;Принтер, Xerox, Phaser 3260DNI;Xerox Phaser 3260;3363267784
398;1;1;5;13;"Монитор, Samsung 22""";Samsung S23B350T;ZX5CHTKD500620V
399;1;1;10;11;"Монитор, Samsung 22""";Samsung BX2340;1015HLPBA00102V
400;1;1;5;10;"Монитор, Samsung 22""";Samsung E2220NW;0515HLJZ500322B
401;1;1;3;2;Не в учете;LG Flatron L1800P;BEJLB886F
402;1;2;9;20;Компьютер, системный блок, HP 6200 Pro MT Core i3-2120, 2 Gb, 500 Gb, Windows 7 Professional,;HP Compaq 6200 Pro Microtower;RUA13603TD
403;1;2;9;20;Компьютер, персональный компьютер, HP, dx2300 MT  DualCore PE-2160, Windows 7,;HP Compaq dx2300 Microtower;HUB7520MBS
404;1;2;4;20;Компьютер, системный блок, Dell Vostro 3671 i3-9100, 4 Gb, 1 Tb, Dos,;Vostro 3671;96Y8933
405;1;27;9;20;Телефон стационарный, проводной цифровой Panasonic KX-DT321RU;Panasonic KX-DT321RU;3KBTE028589
406;1;27;9;20;Не в учете;Panasonic KX-DT333RU;1JBCE010447
407;1;27;9;20;Телефон стационарный, аппарат телефонный Panasonic KX-DT521RU;Panasonic KX-DT521RU;7DBTE008570
408;1;27;9;20;Телефон стационарный, проводной цифровой Panasonic KX-DT321RU;Panasonic KX-DT321RU;2DACD015679
409;1;8;9;20;ИБП, APC, Back-UPS Pro 900,;APC BR800I;3B1U7X10225
410;1;2;9;20;Компьютер, персональный компьютер, HP, 500B MT Pentium , Windows 7,;HP 500B MT;RUA044473N
411;1;1;12;19;"Монитор(8528599009), Dell E2418HN 23.8""";Dell E2418HN;8HHGVW2
412;1;7;9;20;Не в учете;HP LJ Pro P1505;CNCK119167
413;1;27;9;20;Не в учете;Panasonic KX-DT333RU-B;1LBCD004476
414;1;4;9;20;Сканер, Canon, CanoScan LiDE 400;Canon CanoScan Lide700F;KDUB30911
415;1;1;9;18;"Монитор(8528599009), Acer 24""";Acer K240H;MMT6NEE0018390C2E14204
416;1;2;11;18;Компьютер, персональный компьютер, Dell Vostro 3670-0939 Core i3-8100, 4 Gb, 1 Tb, Linux,;Vostro 3670;2F2ZZS2
417;1;27;9;20;Не в учете;Panasonic KX-DT333RU-B;4HATD012387
418;1;4;9;20;Сканер, Canon, CanoScan LiDE 400;Canon CanoScan Lide700F;KLVC45929
419;1;7;11;18;Принтер, Xerox, Phaser 3260DNI;Xerox Phaser 3260;3363490327
420;1;1;11;19;"Монитор(8528599009), Samsung S27E390H 27""";Samsung S27E390H;LS27E390HSO/CI
421;1;7;6;7;Не в учете;HP LJ Pro P1102 RU (CE651A);VNC4235357
422;1;1;3;11;Не в учете;Acer A221HQL;ETLPH0W01211306F5S44322
423;1;4;4;15;Сканер, Canon, P-215 II;Canon P-215;FEA74179
424;1;27;9;20;Не в учете;KX-T7433RU;1KASB010043
425;1;2;4;15;Компьютер, персональный компьютер, HP, 500B MT Pentium , Windows 7,;HP 500B MT;RUA044473P
426;1;2;12;18;Компьютер, персональный компьютер, Dell 3470-0908 Core i3-8100, 4 Gb, 1 Tb, Linux,;Vostro 3470;HJ7XZS2
427;1;15;9;20;Сетевое оборудование, коммутатор, TP-Link, TL-SF1005P,;TP-Link TL-R460;2,1414E+12
428;1;1;12;14;"Монитор, Samsung 22""";Samsung LS22C20K;31128HLNFC01661Z
429;1;27;8;20;Телефон стационарный, системный Panasonic KX-DT521RU;Panasonic KX-DT521RU;6IBTE004313
430;1;2;10;15;Компьютер, Системный блок, HP ProDesk 600 G1 TWR Core i5-4570, 4 Gb, 500 Gb, Dos,;HP ProDesk 600 G1 TWR;CZC42545WX
431;1;27;8;20;Не в учете;Panasonic KX-TS2365RUW;5ABKK897755
432;1;2;9;20;Компьютер, Системный блок, HP 3500 Pro MT Windows 7,;HP PRO 3500 Series MT;RUA3170293
433;1;4;4;15;Сканер, Canon, P 215 DMS;Canon P-215;FUA77407
434;1;1;12;12;"Монитор, Samsung 21.5""";Samsung S20C200B;3121HLPCC00120J
435;1;27;10;15;Не в учете;Panasonic KX-T2365;4IBTA019542
436;1;1;11;12;"Монитор, Samsung 21.5""";Samsung S20C200B;312HLPCB00208M
437;1;2;4;15;Компьютер, системный блок, HP 6200 Pro MT Core i3-2120, 2 Gb, 500 Gb, Windows 7 Professional,;HP Compaq 6200 Pro Microtower;RUA2030800
438;1;27;9;20;Не в учете;Panasonic KX-TS2361RUW;6ABKA643655
439;1;1;10;20;"Монитор(8528599009), Dell E2218HN 21.5""";Dell E2218HN;14LMRX2
440;1;2;9;20;Компьютер, персональный компьютер, HP, dx2300 MT  DualCore PE-2160, Windows 7,;HP Compaq dx2300 Microtower;HUB7520MBP
441;1;27;9;20;Не в учете;Panasonic KX-TS2350RUJ;4LBKL146537
442;1;27;9;20;Телефон стационарный, аппарат телефонный Panasonic KX-HDV100RUB;Panasonic KX-HDV100RUB;7KBTF020447
443;1;1;9;11;Не в учете;Acer v223HQ;ETLJ40D04413811A2A8517
444;1;1;3;8;Не в учете;Asus VK191 19'';83LMMS034421
445;1;2;9;15;Компьютер, персональный компьютер, HP, 500B MT Pentium , Windows 7,;Compaq 500B MT;CZC0050KVB
446;1;14;9;20;Сетевое оборудование, коммутатор, Falcon Eye, FE-104-POE-S,;FE-104POE-S;6,90001E+12
447;1;14;9;20;Сетевое оборудование, коммутатор, HP, 1910-8G,;HP 1910-8;CC3E5F8A1BD1
448;1;24;9;20;Система контроля, видеонаблюдение, видеорегистратор,;Falcon Eye 16x analog;PA3HF14200188
449;1;2;9;20;Компьютер, системный блок, Dell Vostro 3681 Core i3-10100, 8GB, 1 Tb, Windows 10 Professional,;Vostro 3681;DS27P63
450;1;1;1;14;Не в учете;HP Pavilion 21.5 IPS LED;3CM4030P3Y
451;1;27;9;20;Не в учете;Panasonic KX-TS2388RUW;2BAKD017201
452;1;6;7;15;МФУ (принтер, копир, факс), HP LaserJet Pro M426fdn, А4,;HP LJ Pro MFP M426fdn (F6W17A);PHBLN7G42L
453;1;27;9;20;Не в учете;Panasonic KX-T2365;0JCLB187377
454;1;6;11;7;Не в учете;HP LJ 3050Z;CNCKP28842
455;1;4;9;20;Сканер, Canon, CanoScan LiDE 400;Canon CanoScan Lide700F;KDUB23163
456;1;2;9;20;Компьютер, системный блок, Dell Vostro 3681 Core i3-10100, 8GB, 1 Tb, Windows 10 Professional,;Vostro 3681;CR27P63
457;1;1;9;8;Не в учете;Samsung 943N;MY19HMBQ900128B
458;1;2;9;20;Компьютер, персональный компьютер, HP, 500B MT Pentium , Windows 7,;Compaq 500B MT;ZCZ0050KTX
459;1;14;9;20;Сетевое оборудование, коммутатор, HP, 1910-8 Switch,;HP V1910-16G (JE005A);CNC36BX12HM
460;1;27;9;20;Не в учете;Panasonic KX-TS2388RUW;2ABKD015867
461;1;1;10;12;"Монитор, Samsung 22""";Samsung S22B300N;2114HLNCA01278D
462;1;2;9;20;Компьютер, персональный компьютер, HP ProDesk 400 G4 SFF i3-7100, 4 Gb, 500 Gb, Windows 10 Professional,;HP ProDesk 400 G2 Mini;CZC6020CX4
463;1;27;9;20;Не в учете;Panasonic KX-TS2361RUW;7GCKB845430
464;1;1;3;6;Не в учете;Samsung 173P;DE17H9NL300988 M
465;1;2;6;15;Компьютер, системный блок, HP 6200 Pro MT Core i3-2120, 2 Gb, 500 Gb, Windows 7 Professional,;HP Compaq 6200 Pro Microtower;RUA13103L3
466;1;7;10;10;Принтер, HP, LaserJet P2055dn CE459A;HP LJ P2055dn(CE495A);CNCGB38216
467;1;27;9;20;Не в учете;Panasonic KX-TS2361RUW;7GCKB845530
468;1;1;1;13;"Монитор, Samsung 22""";Samsung LS22C20K;3128HLPD100873X
469;1;2;4;15;Компьютер, Системный блок, HP 3500 Pro MT Windows 7,;HP PRO 3500 Series MT;RUA330018K
470;1;27;9;20;Не в учете;Panasonic KX-T2365;0HBLB135936
471;1;27;9;20;Не в учете;Panasonic KX-TS2388RUW;2ABKD015868
472;1;1;9;20;Не в учете;Samsung 943N;MY19HMDS713095R
473;1;2;4;15;Компьютер, Системный блок, HP 3500 Pro MT Windows 7,;HP PRO 3500 Series MT;RUA31503ZY
474;1;1;10;10;"Монитор, Samsung 22""";Samsung E2220NW;0515HLJZA00014T
475;1;27;9;20;Не в учете;Panasonic KX-TS2388RUW;2ABKD015860
476;1;7;8;7;Принтер, HP, LaserJet Pro M104a;HP LaserJet 1022;VNC3302649
477;1;2;9;4;Компьютер, Системный блок, HP 3500 Pro MT Windows 7,;HP PRO 3500 Series MT;RUA3150424
478;1;2;2;18;Компьютер, персональный компьютер, HP ProDesk 400 G4 SFF i3-7100, 4 Gb, 500 Gb, Windows 10 Professional,;HP ProDesk 400 G4 SFF Business PC;CZC73291TW
479;1;1;1;13;"Монитор(8528521000), Samsung S22E200B 21.5""";Samsung LS22C20K;3128HLPD100886X
480;1;2;9;20;Компьютер, персональный компьютер, HP, 500B MT Pentium , Windows 7,;HP 500B MT;RUA0372Z2C
481;1;1;5;18;"Монитор, Samsung S22D300HY 21.5""";Samsung S22D300HY;0AJDHLLK500351K
482;1;2;9;20;Компьютер, персональный компьютер, HP, 500B MT Pentium , Windows 7,;HP 500B MT;RUA0372Z2C
483;1;8;9;20;ИБП, APC, Back-UPS Pro 900,;APC BR900GI;3B11225X29594
484;1;6;9;12;МФУ (принтер, копир, факс), Xerox WC 6015,;Xerox WorkCentre 6015;3191031163
485;1;8;9;21;ИБП, APC, Back-UPS Pro 900,;APC BR900GI;3B1222X09103
486;1;1;5;16;"Монитор, Samsung E2220N 21.5""";Samsung S22E200NY;0AZVHLLH501165J
487;1;2;9;20;Компьютер, персональный компьютер, HP 280 G1 MT Dos,;HP 280 G1 MT Business PC;CZC521009Z
488;1;27;9;20;Телефон стационарный, IP-телефон Panasonic KX-NT511ARUW;Panasonic KX-NT511ARUB;5DBTB004257
489;1;1;10;19;"Монитор(8528599009), Dell E2218HN 21.5""";Dell E2218HN;HGLQ7Z2
490;1;1;10;18;"Монитор(8528521000), Dell E2218HN 21.5""";Dell E2218HN;7TK44R2
491;1;7;5;10;Не в учете;HP LJ Pro P1102 RU (CE651A);VNC3K35659
492;1;2;12;18;Компьютер, персональный компьютер, Dell Vostro 3670-3100 Core i3-8100, 4 Gb, 1 Tb, Linux,;Vostro 3670;81DXZS2
493;1;2;9;20;Компьютер, персональный компьютер, HP 280 G1 MT Dos,;HP 280 G1 MT Business PC;CZC5211W4Y
494;1;2;9;20;Компьютер, системный блок, HP 6200 Pro MT Core i3-2120, 2 Gb, 500 Gb, Windows 7 Professional,;HP Compaq 6200 Pro Microtower;RUA14004TB
495;1;1;12;10;"Монитор, Samsung 22""";Samsung E2220NW;0515HLJZC01674R
496;1;7;8;11;Принтер, HP, LaserJet P2055dn CE459A;HP LJ P2055 (CE456A);CNCJL46100
497;1;2;9;20;Компьютер, Системный блок, HP 3500 Pro MT Windows 7,;HP PRO 3500 Series MT;RUA40304K8
498;1;8;9;20;ИБП, APC, Back-UPS RS,;APC BE700G-RS;5B1223T05509
499;1;1;11;12;"Монитор, Samsung S22C200N 21.5""";Samsung S20C200B;3121HLPCB00222H
500;1;2;9;20;Компьютер, персональный компьютер, HP 6300 i3-3220 Windows 7,;HP Compaq Pro 6300 Microtower;RUA24807F1
501;1;1;9;17;"Монитор, Samsung S22E390H 21.5""";Samsung S22E390H;0AH7HLLJ901949E
502;1;2;9;20;Компьютер, персональный компьютер, HP, 500B MT Pentium , Windows 7,;HP 500B MT;RUA04950RZ
503;1;4;9;20;Сканер, Canon, CanoScan LiDE 400;Canon CanoScan Lide700F;KDUB40460
504;1;6;9;20;Не в учете;Kyocera EcoSys M4125idn;VKN8407015
505;1;1;12;7;Не в учете;Samsung 931C;ME19HVJPC04390K
506;1;14;9;20;Сетевое оборудование, коммутатор, Dahua, DH-(PFS3110)-8P-96,;Dahua DH-PFS3110-8P-96;4M01416PAJ36C9F
507;1;24;9;20;Система контроля, видеонаблюдение, видеорегистратор DHI-NVR-5216-4KS2,;Dahua DHI-NVR5216-4KS2;4J08518PAZ93DBB
508;1;24;9;20;Система контроля, видеонаблюдение, видеорегистратор,;Dahua DHI-NVR4208-8P-4K;1K0234APAY00014
509;1;1;3;19;"Монитор(8528599009), Dell SE2416H 23.8""";Dell SE2416H/SE2416HX;69L0PL2
510;1;7;1;7;Не в учете;HP LJ 1022;VNC3Y00325
511;1;2;9;20;Компьютер, персональный компьютер, Dell Vostro 3670-0939 Core i3-8100, 4 Gb, 1 Tb, Linux,;Vostro 3670;J8YG0S2
512;1;14;9;20;Не в учете;D-Link DES-1024A;QBNG1C7001201
513;1;2;9;20;Компьютер, персональный компьютер, Dell 3470-0908 Core i3-8100, 4 Gb, 1 Tb, Linux,;Vostro 3470;2FJ40T2
514;1;1;10;18;"Монитор(8528521000), Dell E2218HN 21.5""";Dell E2218HN;FSK44R2
515;1;1;3;19;"Монитор, Samsung S24D300H 24""";Samsung S24D300H;0AJHHLLM303139D
516;1;2;11;18;Компьютер, персональный компьютер, Dell 3470-0908 Core i3-8100, 4 Gb, 1 Tb, Linux,;Vostro 3470;2JJ30T2
517;1;1;9;14;"Монитор, Samsung 21.5""";Samsung S22C450B;0320H4MF900915H
518;1;1;10;18;"Монитор(8528521000), Dell E2218HN 21.5""";Dell E2218HN;3TK44R2
519;1;2;9;20;Компьютер, персональный компьютер, HP, dx2300 MT  DualCore PE-2160, Windows 7,;HP Compaq dx2300 Microtower;HUB751196J
520;1;1;8;20;"Монитор(8528521000), Dell E2218HN 21.5""";Dell E2218HN;GJF1243
521;1;2;9;20;Компьютер, Системный блок, HP 6000 Windows 7 Professional,;HP Desktop Pro A [5JP25ES];8CG8393FQ8
522;1;1;7;18;Не в учете;Acer V226HLQ;83002031642
523;1;7;6;7;Принтер, Xerox, Phaser 3052NI;Xerox Phaser 3020;3432067750
524;1;2;7;20;Компьютер, системный блок, Dell Vostro 3671 i3-9100, 4 Gb, 1 Tb, Dos,;Vostro 3671;5M95933
525;1;1;7;19;"Монитор(8528599009), Dell SE2416H 23.8""";Dell SE2416H/SE2416HX;CHYV3V2
526;1;2;4;19;Компьютер, персональный компьютер, Dell Vostro 3670-0939 Core i3-8100, 4 Gb, 1 Tb, Linux,;Vostro 3670;7700BW2
527;1;14;9;20;Сетевое оборудование, коммутатор, HP, 1420 24G 2SFP,;HPE OfficeConnect 1420-24G;CN84GXW0DR
528;1;8;9;20;ИБП, CyberPower, OR1000ELCDRM1U,;CyberPower;OR1000ELCDRM1U
529;1;1;7;19;"Монитор(8528521000), Dell E2218HN 21.5""";Dell E2218HN;58Y64X2
530;1;2;4;19;Компьютер, персональный компьютер, Dell Vostro 3670-0939 Core i3-8100, 4 Gb, 1 Tb, Linux,;Vostro 3670;779T9W2
531;1;6;9;20;Не в учете;Kyocera EcoSys M4125idn;VKN7900077
532;1;8;9;20;ИБП, APC, Back-UPS Pro 900,;APC BR900GI;4B1546P20268
533;1;27;9;20;Не в учете;Panasonic KX-DT333RU;1JBCE010448
534;1;7;11;10;Не в учете;HP LJ Pro P1560 (CE663A);VNC3N43037
535;1;2;10;16;Компьютер, персональный компьютер, HP 280 G1 MT Dos,;HP 280 G1 MT Business PC;CZC51919TG
536;1;4;4;15;Сканер, Canon, CanoScan LiDE 400;Canon CanoScan Lide700F;KDUB16024
537;1;1;12;10;"Монитор, Samsung E2220N 21.5""";Samsung E2220NW;0515HLOZC01906D
538;1;9;4;15;Компьютер, планшет, Apple iPad 128Gb iOS,;IPAD ME987RU/A;DMPN34PWFKYC
539;1;27;9;20;Не в учете;Panasonic KX-T2355;5LCZC046456
540;1;2;9;20;Компьютер, персональный компьютер, HP, dx2300 MT  DualCore PE-2160, Windows 7,;HP Compaq dx2420 Microtower;CZC9430C9L
541;1;1;12;7;Не в учете;Samsung 931C;ME19HVMPC00431F
542;1;1;4;15;"Монитор, Samsung 27""";Samsung SyncMaster P2770HD;0487HLJZ600118H
543;1;2;9;20;Компьютер, Системный блок, HP 3500 Pro MT Windows 7,;HP Pro 3400 Series MT;RUA206054Y
544;1;13;9;20;Аппарат кассовый, Атол 30Ф, с фискальной памятью;Атол 30Ф;1911118
545;1;7;10;11;Принтер, HP, LaserJet P2055dn CE459A;HP LJ P2055 (CE456A);CNCJP52476
546;1;27;9;20;Не в учете;Panasonic KX-DT333RU;1LBCE012309
547;1;4;9;20;Сканер, Canon, DR-C125;Canon DR-c125;FP406566
548;1;1;5;15;"Монитор, Samsung S22C200N 21.5""";Samsung S22C200N;3128HLLG500422X
549;1;1;10;19;"Монитор(8528599009), Dell E2418HN 23.8""";Dell E2418HN;G46FVW2
550;1;27;9;20;Телефон стационарный, проводной цифровой Panasonic KX-DT546RU;Panasonic KX-DT546RU;8CBTF003108
551;1;8;9;20;Не в учете;APC BR800I;QB0548136135
552;1;2;9;20;Компьютер, Системный блок, HP 6000 Windows 7 Professional,;HP ProDesk 600 G3 SFF;CZC9377VQG
553;1;1;5;13;"Монитор, Samsung 23.6""";Samsung S23C200B;3122HLND501008E
554;1;27;9;20;Телефон стационарный, проводной цифровой Panasonic KX-DT321RU;Panasonic KX-DT321RU;3FATE023833
555;1;2;4;19;Компьютер, персональный компьютер, Dell Vostro 3670-0939 Core i3-8100, 4 Gb, 1 Tb, Linux,;Vostro 3670;35CV9W2
556;1;8;9;20;ИБП, APC, Back-UPS Pro 900,;APC BR900GI;3B1303X18967
557;1;27;9;20;Не в учете;Panasonic KX-T7433RU;0GASA002427
558;1;2;9;19;Компьютер, персональный компьютер, Dell Vostro 3670-0939 Core i3-8100, 4 Gb, 1 Tb, Linux,;Vostro 3670;71T59Z2
559;1;1;9;10;"Монитор, Samsung 22""";Samsung P2250N;0964HLJZ900672Z
560;1;8;9;20;Не в учете;APC BR800I;QB0341132893
561;1;1;12;10;"Монитор, Samsung 22""";Samsung E2220NW;0515HLJZC01188N
562;1;27;9;20;Не в учете;Panasonic KX-T7433RU;1HAVA011165
563;1;2;12;18;Компьютер, персональный компьютер, Dell Vostro 3670-0939 Core i3-8100, 4 Gb, 1 Tb, Linux,;Vostro 3670;95W30T2
564;1;8;9;20;ИБП, APC, Back-UPS Pro 900,;APC BR900GI;3B1303X18189
565;1;6;6;20;МФУ (принтер, копир, факс), HP LaserJet Pro M426fdn, А4,;LJ Pro MFP M426fdn (F6W17A);PHBLN6K0PK
566;1;7;9;19;Принтер, Ricoh, SP C250DN;Ricoh SP250DN;X086P501281
567;1;27;9;20;Телефон стационарный, проводной цифровой Panasonic KX-DT321RU;Panasonic KX-DT321RU;3KBTE028588
568;1;4;9;20;Сканер, Canon, CanoScan LiDE 400;Canon CanoScan Lide700F;KDUB67076
569;1;2;9;20;Компьютер, Системный блок, HP 3500 Pro MT Windows 7,;HP Pro 3400 Series MT;RUA209059K
570;1;1;9;20;Не в учете;HP Z27n;CNK622137F
571;1;1;1;12;"Монитор, Samsung S22E390H 21.5""";Samsung S22A350H;1397HLPC100674E
572;1;2;7;19;Компьютер, персональный компьютер, Dell 3470-0908 Core i3-8100, 4 Gb, 1 Tb, Linux,;Vostro 3470;7XK0RX2
573;1;27;9;20;Не в учете;Panasonic KX-T7433RU;1FASA007870
574;1;6;1;18;МФУ (принтер, копир, факс), Canon i-SENSYS MF416dw,;Canon i-SENSYS MF416dw;USK37401
575;1;6;1;18;МФУ (принтер, копир, факс), Canon i-SENSYS MF416dw,;Canon i-SENSYS MF416dw;USK37271
576;1;1;5;13;"Монитор, Samsung 23.6""";Samsung S23C200B;3122HLND501011M
577;1;27;9;20;Не в учете;Panasonic KX-T7436RU;9KBVA001097
578;1;27;9;20;Не в учете;Panasonic KX-T7440X console;9KAVD002246
579;1;2;7;19;Компьютер, персональный компьютер, Dell 3470-0908 Core i3-8100, 4 Gb, 1 Tb, Linux,;Vostro 3470;7XGVQX2
580;1;1;12;10;"Монитор, Samsung 22""";Samsung E2220NW;0515HLJZC01551L
581;1;2;9;20;Компьютер, персональный компьютер, HP 7300 Windows 7 Professional,;HP Elite 7300 Series MT;CZC1457GBM
582;1;27;9;20;Телефон стационарный, проводной цифровой Panasonic KX-DT321RU;Panasonic KX-DT321RU;3GATE024891
583;1;7;3;10;Принтер, HP, LaserJet P2055dn CE459A;HP LJ P2055dn (CE459A);CNCKB85229
584;1;1;6;4;Не в учете;Samsung 710V C;GS17H9NX604472 p
585;1;2;9;20;Компьютер, Системный блок, HP 3500 Pro MT Windows 7,;HP PRO 3500 Series MT;RUA31605TF
586;1;27;9;20;Не в учете;Panasonic KX-T7433RU;1JASA008947
587;1;1;7;13;"Монитор, Samsung 23.6""";Samsung S23C200B;3122HLND701670H
588;1;27;9;20;Не в учете;Panasonic KX-T7433RU;1LASB011276
589;1;2;9;20;Компьютер, Системный блок, HP 3500 Pro MT Windows 7,;HP PRO 3500 Series MT;RUA31605TC
590;1;8;9;20;ИБП, APC, Back-UPS Pro 900,;APC BR900GI;3B1107X26009
591;1;2;9;20;Компьютер, персональный компьютер, HP, 500B MT Pentium , Windows 7,;Compaq 500B MT;CZC0050KTD
592;1;1;9;14;"Монитор(8528521000), Samsung S24F350FHI 23.5""";Samsung S24D390HL;0A1THLNF901064D
593;1;27;9;20;Не в учете;Panasonic KX-T7433RU;1IBVA011727
594;1;24;9;20;Система контроля, видеонаблюдение, видеорегистратор Dahua DHI-XVR5216AN-S2,;Dahua DH-XVR5216AN;4J083A7PAZ65214
595;1;2;9;20;Компьютер, персональный компьютер, HP, 500B MT Pentium , Windows 7,;HP 500B MT;RUA04950RJ
596;1;1;9;5;Не в учете;Samsung 913N S;MJ19HSGY907123H
597;1;27;9;20;Не в учете;Panasonic KX-T7433RU;1KASB010317
598;1;4;9;20;Не в учете;HP Scanjet G3110;CN054A50NX
599;1;1;9;20;Не в учете;ViewSonic VA2265S-3;UEH153203233
600;1;1;8;15;Не в учете;ViewSonic VA2265S;UE153203233
601;1;1;10;16;"Монитор, Samsung S22D300HY 21.5""";Samsung S22D300HY;0AJ2HLHHA01798V
602;1;2;9;20;Компьютер, системный блок, HP 400 ProDesk G2 MT Core i5-4590S, 4 Gb, 500 Gb, Dos,;HP ProDesk 400 G2 SFF Business PC;CZC54301WV
603;1;7;1;19;Принтер, HP, LaserJet Pro M402dne;HP Laser Pro M402dne;PHC6J60271
604;1;14;9;20;Сетевое оборудование, коммутатор, HP, 1910-8 Switch,;HP 1910-8 (JG536A);CN39G1G01N
605;1;1;5;12;"Монитор, Samsung 22""";Samsung S22A100N;1902HLPC502417T
606;1;2;9;20;Компьютер, системный блок, HP 6200 Pro MT Core i3-2120, 2 Gb, 500 Gb, Windows 7 Professional,;HP Compaq 6200 Pro Microtower;RUA14300NP
607;1;27;9;20;Не в учете;Panasonic KX-TS15MX-W;0KCLA305045
608;1;8;9;20;ИБП, APC, Back-UPS Pro 900,;APC BR900GI;4B1845P23147
609;1;1;8;8;Не в учете;Samsung 943N;MY19HMCQ809984D
610;1;24;9;20;Система контроля, видеонаблюдение, видеорегистратор,;Dahua DHI-NVR4108H-8P;1K02347PAY00016
611;1;1;10;11;"Монитор, Samsung 23""";Samsung BX2340;1015HLPBA01808L
612;1;2;9;19;Компьютер, персональный компьютер, Dell Vostro 3670-0939 Core i3-8100, 4 Gb, 1 Tb, Linux,;Vostro 3670;7ZD09Z2
613;1;2;9;20;Компьютер, персональный компьютер, HP, 500B MT Pentium , Windows 7,;HP 500B MT;RUA0525RLJ
614;1;27;9;20;Не в учете;Panasonic KX-T7433RU;3HASB034233
615;1;27;9;20;Не в учете;Panasonic KX-TS2388RUW;2ABKD015287
616;1;1;6;11;"Монитор, Samsung 23""";Samsung BX2340;1015HLNB600740W
617;1;2;9;20;Компьютер, Системный блок, HP 3500 Pro MT Windows 7,;HP PRO 3500 Series MT;RUA3150419
618;1;8;9;20;ИБП, APC, Back-UPS Pro 900,;APC BR900GI;3B1303X18956
619;1;27;9;20;Не в учете;Panasonic KX-T7230X;7HCVJ125368
620;1;27;9;20;Не в учете;Panasonic KX-T7230X;7JCVJ139015
621;1;1;10;11;"Монитор, Samsung 23""";Samsung BX2340;1015HLPBA00227H
622;1;7;9;7;Не в учете;LJ P1505n Printer (CB413A);CNCJ603650
623;1;1;7;9;Не в учете;Samsung 943N;MY19HMDS702323N
624;1;1;8;8;Не в учете;Samsung 943N;MY19HMCQ810432K
625;1;2;12;18;Компьютер, персональный компьютер, Dell Vostro 3670-0939 Core i3-8100, 4 Gb, 1 Tb, Linux,;Vostro 3670;95R20T2
626;1;27;9;20;Телефон стационарный, проводной цифровой Panasonic KX-DT321RU;Panasonic KX-DT321RU;2DACD015676
627;1;27;9;20;Не в учете;Panasonic KX-T7433RU;9LBVA002693
628;1;1;4;10;"Монитор, Samsung 23""";Samsung E2320;CL23H9XZ401056A
629;1;1;6;11;"Монитор, Samsung 23""";Samsung BX2340;1015HLNB600528V
630;1;1;10;11;"Монитор, Samsung 23""";Samsung BX2340;1015HLPBA00055X
631;1;1;10;11;"Монитор, Samsung 23""";Samsung BX2340;1015HLPBA00556H
632;1;1;10;11;"Монитор, Samsung 23""";Samsung BX2340;1015HLPBA01579D
633;1;1;2;12;"Монитор, Samsung S22E450B 21.5""";Samsung S24A450BW;1947HLNC200261T
634;1;27;9;20;Телефон стационарный, проводной цифровой Panasonic KX-DT321RU;Panasonic KX-DT321RU;3EACE023504
635;1;27;9;20;Телефон стационарный, проводной цифровой Panasonic KX-DT321RU;Panasonic KX-DT321RU;3EACE023503
636;1;27;9;20;Не в учете;Panasonic KX-T7230RU;8ECVA003346
637;1;27;9;20;Не в учете;Panasonic KX-T7433RU;0DBVA004088
638;1;27;9;20;Не в учете;Panasonic KX-TS2361RUW;6ABKA644216
639;1;27;9;20;Телефон стационарный, проводной цифровой Panasonic KX-DT321RU;Panasonic KX-DT321RU;3KBTE028613
640;1;2;9;20;Компьютер, Системный блок, HP 3500 Pro MT Windows 7,;HP PRO 3500 Series MT;RUA41201MK
641;1;2;9;20;Компьютер, Системный блок, HP 6000 Windows 7 Professional,;HP Compaq 6000 Pro MT;RUA11701KJ
642;1;2;9;20;Компьютер, персональный компьютер, HP, 500B MT Pentium , Windows 7,;HP 500B MT;RUA0505CDY
643;1;2;9;20;Компьютер, персональный компьютер, HP, Compaq dx2400  Windows 7,;HP Compaq dx2400 Microtower;CZC8467VYS
644;1;2;9;20;Компьютер, персональный компьютер, HP, 500B MT Pentium , Windows 7,;Compaq 500B MT;CZC0050KSZ
645;1;2;9;20;Компьютер, Системный блок, HP 6000 Windows 7 Professional,;HP Compaq 6000 Pro MT;RUA11701L7
646;1;8;9;20;ИБП, APC, Back-RS900VA(BR900GI),;APC BR900GI;3B1228X03463
647;1;8;9;20;ИБП, APC, Back-UPS Pro 900,;APC BR900GI;3B1303X16708
648;1;8;9;20;ИБП, APC, Back-UPS Pro 900,;APC BR900G-RS;3B1402X05645
649;1;1;9;9;Не в учете;LG Flatron W1941S-PF;909TPJP05484
650;1;27;9;20;Не в учете;Panasonic KX-TS2388RUW;2ABKD015861
651;1;6;9;12;МФУ (принтер, копир, факс), HP LaserJet M1536 , принтер+сканер+копир А4,;HP LJ Pro M1536dnf MFP (CE538A);CND9D9TCBK
652;1;1;9;20;Не в учете;NEC LCD1904M;54101714NB
653;1;27;9;20;Не в учете;Panasonic KX-TS2365RUW;6GBKD996056
654;1;2;9;20;Компьютер, персональный компьютер, HP, 500B MT Pentium , Windows 7,;HP 500B MT;RUA03222WT
655;1;8;9;20;ИБП, APC, BR900MI,;APC BR900GI;3B1303X16614
656;1;1;10;6;Не в учете;Sansung 940BF;HA19HMELA2463M
657;1;2;9;20;Компьютер, персональный компьютер, HP 7300 Windows 7 Professional,;HP Elite 7300 Series MT;CZC1303HWZ
658;1;14;9;20;Сетевое оборудование, коммутатор, HP, 1910-48G,;HP V1910-48G (JE009A);CN20BX51YF
659;1;7;8;12;Принтер, HP, LaserJet Pro 400 M401d;HP LJ Pro 400 Printer M401dn (CF278A);VNC3J43866
660;1;4;9;20;Сканер, Canon, CanoScan LiDE 400;Canon CanoScan Lide700F;KDUB28417
661;1;2;9;20;Компьютер, персональный компьютер, HP 6300 i3-3220 Windows 7,;HP Compaq Pro 6300 Microtower;RUA24807FK
662;1;1;6;1;Не в учете;Samsung 770TFT;CN17H1CR623007Z
663;1;27;9;0;Не в учете;LG GS-472L;90907708
664;1;2;9;20;Компьютер, персональный компьютер, HP, 500B MT Pentium , Windows 7,;HP 500B MT;RUA0393MM9
665;1;7;6;12;Принтер, HP, LaserJet Pro 400 M401d;HP LJ Pro 400 M401dw CF285A;VNC3M07390
666;1;27;9;20;Телефон стационарный, IP-телефон Panasonic KX-NT511ARUW;Panasonic KX-NT511ARUW;5JBTB006769
667;1;1;12;10;"Монитор, Samsung 22""";Samsung E2220NW;0515HLOZC02787P
668;1;8;9;20;Не в учете;APC BR800I;5B1033T24926
669;1;14;9;20;Не в учете;TW100-BRV204;SE11162400468
670;1;2;9;20;Компьютер, персональный компьютер, HP, Compaq dx2400  Windows 7,;HP Compaq dx2420 Microtower;CZC9430CCK
671;1;1;12;10;"Монитор, Samsung 22""";Samsung E2220NW;0515HLOZC01932H
672;1;7;9;14;Принтер, HP, LaserJet Pro 400 M401d;HP LJ Pro 400 Printer M401a (CF270A);PHKBF19675
673;1;27;9;20;Не в учете;Panasonic KX-TS2361RUW;7GCKB847550
674;1;2;9;20;Компьютер, системный блок, HP 6200 Pro MT Core i3-2120, 2 Gb, 500 Gb, Windows 7 Professional,;HP Compaq 6200 Pro Microtower;RUA2030809
675;1;1;9;20;Не в учете;NEC LCD1560VM;32013081GB
676;1;4;9;20;Сканер, Canon, CanoScan LiDE 400;Canon CanoScan Lide700F;KDUB23156
677;1;7;7;0;Не в учете;HP LJ 1100 (C4224A);FRHR404447
678;1;14;9;20;Не в учете;3COM 4200 50-Port;LDZV74H8E0240
679;1;2;11;20;Компьютер, системный блок, Dell Vostro 3681 Core i3-10100, 8GB, 1 Tb, Windows 10 Professional,;Vostro 3681;4NQHF73
680;1;1;7;16;"Монитор, Samsung S24D300H 24""";Samsung S24F350FHI;ZZMTH4ZH701545A
681;1;1;7;16;"Монитор, Samsung S24F350FHI 23.5""";Samsung S24F350FHI;ZZMTH4ZH701209W
682;1;27;9;20;Не в учете;Panasonic KX-DT333RU;1JBCE010449
683;1;2;9;20;Компьютер, Системный блок, HP 6000 Windows 7 Professional,;HP Compaq 6000 Pro MT;RUA11701JR
684;1;1;9;13;"Монитор, Samsung 27""";Samsung S27C450D;ZXAFTQD900085E
685;1;27;9;20;Не в учете;Panasonic KX-T7633RU;4HBSD001930
686;1;14;9;20;Сетевое оборудование, коммутатор, HP, HPE OfficeConnect 1950, JG960A,;Hp J9794-60001 1405-8G;CN30FQ74NN
687;1;2;9;20;Не в учете;MO4-Video (truck number detect);1,62681E+13
688;1;1;1;2020;"Монитор, Samsung S24D300H 24""";Samsung S24D300H;0AJHHLLN102039Y
689;1;2;11;20;Компьютер, системный блок, Dell Vostro 3681 Core i3-10100, 8GB, 1 Tb, Windows 10 Professional,;Vostro 3681;JMQHF73
690;1;6;9;12;Не в учете;HP Color LJ Pro 500 M570dn MFP CZ271A;CN59D9RD0P
691;1;1;12;7;Не в учете;Samsung 931C;ME19HVJPC03939J
692;1;1;9;20;Не в учете;NEC LCD1550V;2201538IB
693;1;1;9;10;"Монитор, Samsung 22""";Samsung E2220NW;0515HLOZ901586Y
694;1;1;5;17;"Телевизор, Mystery 32"", LED";Mystery MTV3225LT2;MTV3225LT2 00507
695;1;8;9;20;Не в учете;APC BR1100CI-RS;3B1011X45B02
696;1;24;9;20;Система контроля, видеонаблюдение, видеорегистратор,;Falcon Eye FE-1080Pro;TZA3HM42100023
697;1;24;9;20;Система контроля, видеонаблюдение, видеорегистратор,;Falcon Eye FE-4416N;TZA4GF140WSB500
698;1;24;9;20;Система контроля, видеонаблюдение, видеорегистратор,;Falcon Eye FE-3104H;TZA3DL41200070
699;1;27;9;20;Не в учете;LG GS-472L;90907709
700;1;1;6;7;Не в учете;Samsung 940BW;HA19HS4P600514W
701;1;2;9;20;Компьютер, системный блок, HP 400 ProDesk G2 MT Core i5-4590S, 4 Gb, 500 Gb, Dos,;HP ProDesk 405 G2 MT Business PC;CZC4322TBF
702;1;2;2;20;Компьютер, системный блок, Dell Vostro 3671 i3-9100, 4 Gb, 1 Tb, Dos,;Vostro 3671;JTG9P23
703;1;8;9;20;ИБП, APC, Back-UPS Pro 900,;APC BR900GI;3B1222X09088
704;1;1;4;20;"Монитор(8528599009), Dell E2418HN 23.8""";Dell E2420HS;CN-020CRSFCC00-04K-DTLB-A01
705;1;1;9;20;"Монитор(8528599009), Dell E2418HN 23.8""";Dell E2420HS;9XSBV33
706;1;1;9;11;Не в учете;Acer V223HQ;ETLJ40D0441381186C8517
707;1;24;9;20;Система контроля, видеонаблюдение, видеорегистратор DHI-NVR-5216-4KS2,;Dahua DHI-NVR5216-4KS2;5J0A297PAZDCCFF
708;1;27;9;20;Не в учете;Panasonic KX-TS2388RUW;2BAKD017198
709;1;14;9;20;Сетевое оборудование, коммутатор, HP, 1910-8 Switch,;HP 1910-8G (JG348A);CN45FRJ1LZ
710;1;14;9;20;Сетевое оборудование, коммутатор, Dahua, DH-(PFS3110)-8P-96,;Dahua DH-PFS3110-8P-96;5K023DDPAJE5A47
711;2;14;9;20;Сетевое оборудование, коммутатор, Dahua, DH-(PFS3110)-8P-96,;Dahua DH-PFS3110-8P-96;5K023DDPAJ4F79C
712;1;1;7;16;"Монитор, Samsung S24D300H 24""";Samsung S24F350FHI;ZZMTH4ZH700511D
713;1;4;9;20;Сканер, Canon, P-215 II;Canon Image Formula P-215ii;GY459686
714;1;2;9;20;Компьютер, персональный компьютер, HP ProDesk 400 G4 SFF i3-7100, 4 Gb, 500 Gb, Windows 10 Professional,;HP ProDesk 400 G4 SFF Business PC;CZC7329BXN
715;1;27;9;20;Не в учете;Panasonic KX-T7230X;7HCVJ124873
716;1;1;3;18;"Монитор, Samsung 22""";Samsung S22D300HY;0AJDHLLK300756X
717;1;2;9;20;Компьютер, персональный компьютер, HP ProDesk 400 G4 SFF i3-7100, 4 Gb, 500 Gb, Windows 10 Professional,;HP ProDesk 400 G4 SFF Business PC;CZC73291TW
718;1;27;9;20;Телефон стационарный, системный Panasonic KX-DT521RU;Panasonic KX-DT521RU;7DBTE008569
719;1;2;9;20;Компьютер, персональный компьютер, HP, 500B MT Pentium , Windows 7,;Compaq 500B MT;CZC94638SN
720;1;1;5;13;"Монитор, Samsung 23""";Samsung S23B350T;ZX5CHTKD500620V
721;1;1;9;9;Не в учете;Acer X233H;ETLG1080269390E3214220
722;1;2;9;20;Компьютер, системный блок, HP 6200 Pro MT Core i3-2120, 2 Gb, 500 Gb, Windows 7 Professional,;HP Compaq 6200 Pro Microtower;RUA21204SY
723;1;2;9;20;Компьютер, системный блок, HP 6200 Pro MT Core i3-2120, 2 Gb, 500 Gb, Windows 7 Professional,;HP Compaq 6200 Pro Microtower;RUA230013W
724;1;1;9;20;"Монитор, Samsung S22E200NY 21.5""";Samsung S22B300N;2114HLPC900327H
725;1;27;9;20;Не в учете;Panasonic KX-T7230X;6CCVH050994
726;1;27;9;20;Не в учете;Panasonic KX-T7433RU;1LASB011333
727;1;2;9;20;Компьютер, персональный компьютер, HP 400 G3PD MT i56500 Dos,;HP ProDesk 400 G3 MT Business PC;CZC5493F41
728;1;1;6;15;"Монитор, Samsung S22E200NY 21.5""";Samsung S22C200NY;0AHBHLLG602309D
729;1;2;9;20;Компьютер, Системный блок, HP 3500 Pro MT Windows 7,;HP PRO 3500 Series MT;RUA315042T
730;1;27;9;20;Не в учете;Panasonic KX-T7250X;4FAVB014254
731;1;1;1;8;Не в учете;Samsung 931C;ME19HVDQ107885T
732;1;2;9;20;Компьютер, Системный блок, HP 6000 Windows 7 Professional,;HP Compaq 6000 Pro MT;RUA11701M6
733;1;27;9;20;Не в учете;Panasonic KX-TS2361RUW;5GCKA560167
734;1;2;9;20;Компьютер, Системный блок, HP 280 G1 MT HP Care Pack,;HP 280 G1 MT Business PC;CZC5522D7R
735;1;1;3;10;"Монитор, Samsung 22""";Samsung 2243NW;LS22MYNKSBA/EN
736;1;27;9;20;Не в учете;Panasonic KX-T7230RU;8FCVA005319
737;1;27;9;20;Не в учете;Panasonic KX-T7230RU;8FCVA006220
738;1;2;9;20;Компьютер, персональный компьютер, HP, 500B MT Pentium , Windows 7,;Compaq 500B MT;RUA0140CQR
739;1;1;12;7;Не в учете;Samsung 931C;ME19HVMPC00053T
740;1;2;9;20;Компьютер, персональный компьютер, HP, 500B MT Pentium , Windows 7,;HP 500B MT;RUA0352KDG
741;1;27;9;20;Не в учете;Panasonic KX-T7230X;7HBVJ123061
742;1;1;3;11;"Монитор, Samsung 22""";Samsung E2220NW;0515HLOB302063L
743;1;27;9;20;Не в учете;Panasonic KX-T7433RU;1IBVA011956
744;1;7;12;10;Не в учете;HP LaserJet P2035n (CE462A);CNCKM27271
745;1;1;11;10;"Монитор, Samsung 22""";Samsung E2220NW;0515HLOZB00754K
746;1;2;9;20;Компьютер, Системный блок, HP 3500 Pro MT Windows 7,;HP PRO 3500 Series MT;RUA3150418
747;1;2;9;20;Компьютер, Системный блок, HP 400 ProDesk G2 MT Core i5-4590S, 4 Gb, 1 Tb, Windows 7 Pro 64-bit,;HP ProDesk 400 G4 SFF Business PC;CZC73291TW
748;1;2;9;20;Компьютер, персональный компьютер, HP, 500B MT Pentium , Windows 7,;HP 500B MT;RUA0484XN9
749;1;2;9;20;Компьютер, персональный компьютер, HP 6300 i3-3220 Windows 7,;HP Compaq Pro 6300 Microtower;RUA24809G8
750;1;1;12;7;Не в учете;Samsung 931C;ME19HVJPC04122R
751;1;27;9;20;Не в учете;Panasonic KX-TS2361RUW;6ABKA644216
752;1;1;4;18;"Монитор, Samsung S22D300HY 21.5""";Samsung S22D300HY;0AJDHLLK400731D
753;1;27;9;20;Телефон стационарный, проводной цифровой Panasonic KX-DT321RU;Panasonic KX-DT321RU;2IACD020990
754;1;2;4;18;Компьютер, персональный компьютер, Dell Vostro 3268, Intel Core i57400/DDR4 4GB/1000GB Dos,;Vostro 3268;FG737P2
755;1;1;6;11;"Монитор, Samsung E2220N 21.5""";Samsung E2220NW;0515HLPB60000BT
756;1;1;3;14;Не в учете;LG 22M35A-B;403NDEZFL004
757;1;27;9;20;Не в учете;Panasonic KX-T7230X;7HBVJ123039
758;1;2;9;20;Компьютер, системный блок, HP 6200 Pro MT Core i3-2120, 2 Gb, 500 Gb, Windows 7 Professional,;HP Compaq 6200 Pro Microtower;RUA13103KK
759;1;4;9;20;Сканер, Canon, P-215 II;Canon Image Formula P-150;FEA71553
760;1;27;9;20;Телефон стационарный, системный Panasonic KX-DT543RUB;KX-DT333RU;1LBCD004683
761;1;7;1;14;Принтер, HP, LaserJet Pro 400 M401d;HP LJ Pro 400 MFP M425dn (CF286A);CNF8G1F36M
762;1;2;9;20;Компьютер, персональный компьютер, HP, 500B MT Pentium , Windows 7,;Compaq 500B MT;RUA0210PV5
763;1;1;10;19;"Монитор(8528599009), Dell E2418HN 23.8""";Dell E2418HN;BY5FVW2
764;1;2;9;20;Компьютер, персональный компьютер, HP, Compaq dx2400  Windows 7,;HP Compaq dx2400 Microtower;CZC8404990
765;1;8;9;20;ИБП, APC, Back-UPS Pro 900,;APC BR900GI;3B1203X49423
766;1;27;9;20;Не в учете;Panasonic KX-T7433RU;3HASB034113
767;1;2;9;20;Компьютер, системный блок, HP 6200 Pro MT Core i3-2120, 2 Gb, 500 Gb, Windows 7 Professional,;HP Compaq 6200 Pro Microtower;RUA230012S
768;1;2;9;20;Компьютер, системный блок, HP 6200 Pro MT Core i3-2120, 2 Gb, 500 Gb, Windows 7 Professional,;HP Compaq 6200 Pro Microtower;CZC12357XK
769;1;2;12;18;Компьютер, персональный компьютер, Dell Vostro 3670-0939 Core i3-8100, 4 Gb, 1 Tb, Linux,;Del Vostro 3670;HLS10T2
770;1;1;7;20;"Монитор(8528521000), Dell 24""";Dell E2420HS;57NNV33
771;1;1;4;11;Не в учете;HP Compaq LA2306x;CNC1160CR5
772;1;2;2;18;Компьютер, персональный компьютер, Dell Vostro 3268, Intel Core i57400/DDR4 4GB/1000GB Dos,;Del Vostro 3268;DF2THN2
773;1;7;9;20;Принтер, Canon, PIXMA IX6840;Canon iX6840;ADHN12899
774;1;27;9;20;Телефон стационарный, системный Panasonic KX-DT521RU;Panasonic KX-DT521RU-B;7JBTE006152
775;1;27;9;20;Не в учете;Panasonic KX-DT333RU;1JBCE010480
776;1;2;9;20;Компьютер, Системный блок, HP dc7600 Windows XP Prof Rus,;HP Elite 7300 Series MT;CZC1308962
777;1;27;9;20;Не в учете;Panasonic KX-DT390RU;1LBCB003512
778;1;2;9;20;Компьютер, Системный блок, HP ProDesk 600 G1 TWR Core i5-4570, 4 Gb, 500 Gb, Dos,;HP Compaq dc7100 CMT;CZC4341BLB
779;1;1;7;13;"Монитор, Samsung 23""";Samsung S23C350B;3363HLND700528M
780;1;6;9;20;МФУ (принтер, копир, факс), KYOCERA Ecosys M2035DN, принтер+сканер+копир А4,;Kyocera EcoSys M2035dn;LVW4Y50601
781;1;6;11;13;Не в учете;HP Color LJ Pro 500 M570dn MFP (CZ271A;CN59FCF8MW
782;1;14;9;20;Сетевое оборудование, коммутатор, Dahua, DH-(PFS3110)-8P-96,;Dahua DH-PFS3110-8P-96;4MO1416PAJFF36D2
783;1;14;9;20;Сетевое оборудование, коммутатор, HP, PS1810-8G,;HP 1410-8G (J9559A);CN5208J0PH
784;1;24;9;20;Система контроля, видеонаблюдение, видеорегистратор DHI-NVR2104-4KS2,;Dahua DHI-NVR2104-4KS2;4E07FAEPBQ32EF7
785;1;1;10;11;"Монитор, Samsung 23.6""";Samsung B2430L;0441HLPBA01636H
786;1;2;9;20;Компьютер, персональный компьютер, HP, Compaq dx2400  Windows 7,;HP Compaq dx2420 Microtower;CZC9430CF4
787;1;8;9;20;ИБП, APC, Back-UPS Pro 900,;APC BR900GI;3B1303X15737
788;1;2;9;20;Компьютер, персональный компьютер, HP, 500B MT Pentium , Windows 7,;HP 500B MT;RUA044479B
789;1;1;6;5;Не в учете;Samsung 913VN;GS19HMDY605088L
790;1;;11;10;"Монитор, Samsung 22""";Samsung E2220NW;0515HLJZB02477K
791;1;2;4;20;Компьютер, системный блок, Dell Vostro 3671 i3-9100, 4 Gb, 1 Tb, Dos,;Del Vostro 3671;GN2H833
792;1;2;11;18;Компьютер, персональный компьютер, Dell Vostro 3670-2882 Core i3-8100, 4 Gb, 1 Tb, Linux,;Del Vostro 3670;J8WL0S2
793;1;1;3;19;"Монитор(8528599009), Dell SE2416H 23.8""";Dell SE2416H/SE2416HX;6BB4PL2
794;1;7;5;7;Не в учете;HP LaserJet 1022;VNC3530882
795;1;1;1;12;"Монитор, Samsung 23""";Samsung S23C200B;3122HLPD100679M
796;1;2;4;20;Компьютер, системный блок, Dell Vostro 3671 i3-9100, 4 Gb, 1 Tb, Dos,;Del Vostro 3671;76Y8933
797;1;1;10;19;"Монитор(8528599009), Dell E2218HN 21.5""";Dell E2218HN;8VJQ7Z2
798;1;2;9;20;Компьютер, Системный блок, HP 280 G1 MT HP Care Pack,;HP 280 G1 MT Business PC;CZC51919SV
799;1;6;12;19;МФУ (принтер, копир, факс), HP LaserJet Pro M426fdn, А4,;HP LJ Pro MFP M426fdn (F6W17A);PHBLMDL4XL
800;1;1;4;19;"Монитор(8528599009), Dell E2218HN 21.5""";Dell E2218HN;70V08V2
801;1;1;4;19;"Монитор(8528599009), Dell E2218HN 21.5""";Dell E2218HN;80V08V2
802;1;2;9;19;Компьютер, персональный компьютер, Dell Vostro 3670-0939 Core i3-8100, 4 Gb, 1 Tb, Linux,;Del Vostro 3670;71YZ8Z2
803;1;8;9;20;ИБП, PowerMan, Back Pro 600,;Powerman BackPro 600;1,306E+18
804;1;14;9;20;Сетевое оборудование, коммутатор, HP, PS1810-8G,;HP 1410-8G (J9559A);CN5208J01P
805;1;6;9;20;МФУ (принтер, копир, факс), Ricoh MP 2014AD,;Ricoh MP 2014ad;G619MB40386
806;1;6;9;20;МФУ (принтер, копир, факс), KYOCERA Ecosys M2035DN, принтер+сканер+копир А4,;Kyocera EcoSys M2035dn;LVW5Z21280
807;1;1;1;18;"Монитор, Samsung S24E390HL 23.6""";Samsung S24E390HL;0ATNHLLK101140K
808;1;2;12;17;Компьютер, персональный компьютер, Dell Optiplex 3050 MT Windows 10,;OptiPlex 3050;BX7SWM2
809;1;1;11;12;"Монитор, Samsung S22C450B 21.5""";Samsung S20C200B;3121HLPCB00217X
810;1;2;9;20;Компьютер, системный блок, HP 6200 Pro MT Core i3-2120, 2 Gb, 500 Gb, Windows 7 Professional,;HP Compaq Pro 6200 MT;RUA21001Z8
811;1;1;5;16;"Монитор(8528521000), Samsung S22E200B 21.5""";Samsung S22E200NY;0AZVHLLH501156R
812;1;4;9;20;Сканер, Canon, CanoScan LiDE 220;Canon CanoScan LIDE220;KLAC54472
813;1;6;9;20;Не в учете;HP LJ MFP 3015 (Q2669A);CNBF173607
814;1;2;9;20;Компьютер, системный блок, HP 6200 Pro MT Core i3-2120, 2 Gb, 500 Gb, Windows 7 Professional,;HP Compaq Pro 6200 MT;RUA2300152
815;1;1;7;9;Не в учете;Samsung 943SN;MY19HMGS700095A
816;1;8;9;20;ИБП, APC, Back-UPS Pro 900,;APC BR900GI;3B1219X19599
817;1;8;9;20;ИБП, PowerMan, Back Pro 600,;Powerman BackPro 600;1,306E+18
818;1;2;9;20;Компьютер, персональный компьютер, Dell 3470-0908 Core i3-8100, 4 Gb, 1 Tb, Linux,;Del Vostro 3470;J9DD0S2
819;1;1;10;18;"Монитор(8528599009), Dell E2218HN 21.5""";Dell E2218HN;7TH44R2
820;1;7;10;13;Не в учете;HP LJ Pro P1102w CE658A;VNF4505209
821;1;1;8;20;"Монитор(8528599009), Dell E2218HN 21.5""";Dell E2218HN;F5GK043
822;1;2;4;20;Компьютер, системный блок, Dell Vostro 3671 i3-9100, 4 Gb, 1 Tb, Dos,;Del Vostro 3671;C6Y8933
823;1;1;9;20;"Монитор, Samsung E2220N 21.5""";Samsung S20C200B;3121HLPCB00221W
824;1;2;9;20;Компьютер, персональный компьютер, HP 6300 i3-3220 Windows 7,;HP Compaq Pro 6300 Microtower;RUA24807FN
825;1;7;12;5;Не в учете;HP LJ 1160 (Q5933A);CNMD2D80062
826;1;27;9;20;Телефон стационарный, IP-телефон Panasonic KX-NT511ARUW;Panasonic KX-NT511ARUB;6JATC007650
827;1;2;9;20;Компьютер, Системный блок, HP 3500 Pro MT Windows 7,;HP Pro 3400 Series MT;CZC2202ZSK
828;1;1;5;15;"Монитор(8528521000), Philips 27""";Philips 274e;UHBA1521020639
829;1;14;9;20;Сетевое оборудование, коммутатор, ZyXEL, GS-108B,;Zyxel GS-108B;S204302011418
830;1;2;9;20;Компьютер, персональный компьютер, HP, 500B MT Pentium , Windows 7,;HP 500B MT;RUA03220C3
831;1;1;4;19;"Монитор(8528599009), Dell E2218HN 21.5""";Dell E2218HN;90V08V2
832;1;2;9;20;Компьютер, Системный блок, HP 3500 Pro MT Windows 7,;HP PRO 3500 Series MT;RUA31503WQ
833;1;1;12;10;"Монитор, Samsung E2220N 21.5""";Samsung E2220NW;0515HLOZC01819E
834;1;7;9;20;МФУ (принтер, копир, факс), HP LaserJet Pro M428dw,;HP LJ Pro 400 MFP M425dn (CF286A);CNF8G6MMNX
835;1;2;9;20;Компьютер, персональный компьютер, HP, 500B MT Pentium , Windows 7,;HP 500B MT;RUA0322128
836;1;4;9;20;Сканер, Canon, CanoScan LiDE 220;Canon CanoScan LIDE220;KKKA74072
837;1;1;6;10;"Монитор, Samsung E2220N 21.5""";Samsung E2220NW;0515HLJZ600142V
838;1;6;9;20;МФУ (принтер, копир, факс), Xerox WC 6015,;Xerox WorkCentre 6015;3191050370
839;1;14;9;20;Сетевое оборудование, коммутатор, HP, 1920-48G,;HP OfficeConnect 1920S 48G (JL386A);CN05K3R26V
840;1;24;9;20;Система контроля, видеонаблюдение, видеорегистратор DHI-NVR-2208-4KS2,;Dahua DHI-NVR2208-4KS2;4E0641APAZ9168D
841;1;8;9;20;ИБП, APC, Back-UPS Pro 900,;APC BR900G-RS;4B2022P04839
842;1;1;9;20;"Монитор, Samsung S22D300HY 21.5""";Samsung S22D300HY;0AJDHLLK400728Z
843;1;2;4;18;Компьютер, персональный компьютер, Dell Vostro 3268, Intel Core i57400/DDR4 4GB/1000GB Dos,;Del Vostro 3268;FG7B7P2
844;1;1;8;20;"Монитор(8528599009), Dell E2218HN 21.5""";Dell E2218HN;BWF1243
845;1;2;9;20;Компьютер, системный блок, HP 6200 Pro MT Core i3-2120, 2 Gb, 500 Gb, Windows 7 Professional,;HP Compaq 6200 Pro Microtower;RUA14004VJ
846;1;1;3;8;Не в учете;Asus VK191 19'';836LMMS034453
847;1;2;9;20;Компьютер, Системный блок, HP 6000 Windows 7 Professional,;HP Compaq 6000 Pro MT;CZC9485ZQB
848;1;1;3;18;"Монитор, Samsung S22E200NY 21.5""";Samsung S22D300HY;0AJDHLLK300116L
849;1;2;9;20;Компьютер, персональный компьютер, HP, 500B MT Pentium , Windows 7,;HP 500B MT;RUA0505CDD
850;1;1;7;20;"Монитор(8528599009), Dell E2420HS 23.8""";Dell E2420HS;50NNV33
851;1;1;7;20;"Монитор(8528599009), Dell E2218HN 21.5""";Dell E2218HN;9QKFV33
852;1;7;8;12;МФУ (принтер, копир, факс), HP LaserJet Pro 400 M425dn,;HP LJ Pro 400 M401dw CF285A;VNC3M16656
853;1;2;5;20;Компьютер, системный блок, Dell Vostro 3671 i3-9100, 4 Gb, 1 Tb, Dos,;Del Vostro 3671;1LR2933
854;1;8;9;20;ИБП, PowerMan, Back Pro 600,;Powerman BackPro 600;1,306E+18
855;1;14;9;20;Сетевое оборудование, коммутатор, HP, 1920-48G,;HP OfficeConnect 1920S 48G (JL386A);CN05K3R1F1
856;1;24;9;20;Система контроля, видеонаблюдение, видеорегистратор,;Dahua DHI-NVR4208-8P-4K;1F03348PAY00015
857;1;1;8;16;Не в учете;Philips 200V4L;ZV5A1633000046
858;1;24;9;20;Система контроля, видеонаблюдение, видеорегистратор,;Falcon Eye FE-916DE;TZA3JE00400008
859;1;24;9;20;Система контроля, видеонаблюдение, видеорегистратор,;Falcon Eye FE-3204N;TZA3GM14100010
860;1;14;9;20;Сетевое оборудование, коммутатор, HP, PS1810-8G,;HP 1405-8G [J9794A];CN30FQ773F
861;1;24;9;20;Система контроля, видеонаблюдение, видеорегистратор,;Dahua DHI-NVR4104B;1A00CF4PAYA5496
862;1;14;9;20;Сетевое оборудование, коммутатор, Falcon Eye, FE-104-POE-S,;Falcon Eye FE-104POE-S;6,90001E+12
863;1;6;10;14;МФУ (принтер, копир, факс), HP LaserJet Pro M225 (CF485A), А4,;HP LJ Pro MFP M225rdn (CF486A);CNB6GBB49S
864;1;2;9;20;Компьютер, персональный компьютер, HP, dx2300 MT  DualCore PE-2160, Windows 7,;HP Compaq dx2300 Microtower;HUB751197J
865;1;14;9;20;Сетевое оборудование, коммутатор, HP, PS1810-8G,;hp V1410-8G 8 (J9559A);CN5208J0YZ
866;1;1;12;12;"Монитор, Samsung 23""";Samsung S23C450B;3124HLNCC00035B
867;1;2;9;20;Компьютер, Системный блок, Intel Core i7-6700 Без предустановленного ПО,;HP Compaq 6200 Pro Microtower;RUA230014W
868;1;1;11;15;"Монитор, Samsung S22E200NY 21.5""";Samsung S22E200NY;0AZRHLMGB02210A
869;1;2;4;20;Компьютер, системный блок, Dell Vostro 3671 i3-9100, 4 Gb, 1 Tb, Dos,;Del Vostro 3671;3P2H833
870;1;2;4;20;Компьютер, системный блок, Dell Vostro 3671 i3-9100, 4 Gb, 1 Tb, Dos,;Del Vostro 3671;JN2H833
871;1;1;7;20;"Монитор(8528599009), Dell E2218HN 21.5""";Dell E2218HN;CQKFV33
872;1;2;9;20;Компьютер, персональный компьютер, HP, 500B MT Pentium , Windows 7,;HP Compaq dx5800 MT;CZC9332WV2
873;1;1;5;9;Не в учете;Samsung 943SN;MY19HMFS514732N
874;1;2;9;20;Компьютер, персональный компьютер, HP, Compaq dx2400  Windows 7,;HP Compaq dx2420 Microtower;CZC9430CC7
875;1;8;9;20;ИБП, APC, Back-RS900VA(BR900GI),;APC BR1200LCDI;3B1006292230
876;1;1;12;13;Не в учете;HP Pavilion 22xi 21.5 IPS LED;3CM3480NVH
877;1;6;9;20;МФУ (принтер, копир, факс), Ricoh MP 2014AD,;Ricoh MP 2014ad;G618MC40296
878;1;2;9;20;Компьютер, персональный компьютер, HP 6300 i3-3220 Windows 7,;HP Compaq Pro 6300 Microtower;RUA24809GY
879;1;1;12;12;"Монитор, Samsung S24E390HL 23.6""";Samsung S20C200B;3121HLPCC00128R
880;1;2;9;9;Не в учете;ElemeNT;ELE00018965
881;1;1;6;4;Не в учете;Samsung 710V S;GS17H9NX604460
882;1;1;4;15;"Монитор, Samsung S24E390HL 23.6""";Samsung S24E510C;0MFBHTQG400947H
883;1;2;9;20;Компьютер, персональный компьютер, HP, Compaq dx2400  Windows 7,;HP Compaq dx2420 Microtower;CZC9312L14
884;1;1;8;20;"Монитор(8528521000), Dell E2218HN 21.5""";Dell E2218HN;45GK043
885;1;2;9;20;Компьютер, системный блок, Dell Vostro 3671 i3-9100, 4 Gb, 1 Tb, Dos,;Del Vostro 3671;5LR2933
886;1;1;10;19;"Монитор(8528521000), Dell 21.5""";Dell E2218HN;6WGQ7Z2
887;1;2;4;20;Компьютер, системный блок, Dell Vostro 3671 i3-9100, 4 Gb, 1 Tb, Dos,;Del Vostro 3671;9PWZ833
888;1;1;10;10;"Монитор, Samsung E2220N 21.5""";Samsung E2220NW;0515HLJZA00970X
889;1;2;9;20;Компьютер, системный блок, HP 600 G3 SFF ProDesk Dos,;HP ProDesk 600 G1 TWR;CZC42545X7
890;1;7;8;12;Принтер, HP, LaserJet Pro 400 M401d;HP LaserJet Pro 400 M401dw CF285A;VNC3M16666
891;1;1;10;18;"Монитор(8528599009), Dell E2218HN 21.5""";Dell E2218HN;6TK44R2
892;1;2;9;20;Компьютер, Системный блок, HP 6000 Windows 7 Professional,;HP Compaq 6000 Pro MT;RUA11701L5
893;1;8;9;20;ИБП, APC, Back-UPS Pro 900,;APC BR900GI;3B1148X16276
894;1;1;12;12;"Монитор, Samsung 21.5""";Samsung S20C200B;3121HLPCC00122Y
895;1;2;9;20;Компьютер, Системный блок, HP 6000 Windows 7 Professional,;HP Compaq 6000 Pro MT;RUA24807DY
896;1;1;1;19;"Монитор(8528599009), Dell E2218HN 21.5""";Dell E2218HN;B8JCHS2
897;1;2;12;18;Компьютер, персональный компьютер, Dell Vostro 3670-0939 Core i3-8100, 4 Gb, 1 Tb, Linux,;Del Vostro 3670;95KXZS2
898;1;1;1;10;Не в учете;Samsung 923NW;HA19H9CZ116887K
899;1;2;9;20;Компьютер, персональный компьютер, HP, 500B MT Pentium , Windows 7,;HP 500B MT;RUA01006YM
900;1;8;9;20;ИБП, APC, Back-UPS Pro 900,;APC BR900GI;3B1203X54488
901;1;8;9;20;ИБП, APC, Back-UPS Pro 900,;APC BR900GI;3B1203X54508
902;1;1;8;19;"Монитор(8528521000), Dell E2418HN 23.8""";Dell E2418HN;FP83WQ2
903;1;2;9;20;Компьютер, системный блок, HP 6200 Pro MT Core i3-2120, 2 Gb, 500 Gb, Windows 7 Professional,;HP Compaq 6200 Pro Microtower;RUA14300NR
904;1;7;9;9;Не в учете;HP LJ P1006 (CB411A);VNF3T52490
905;1;24;9;9;Система контроля, видеонаблюдение, видеорегистратор DHI-NVR4116HS-4KS2,;Dahua DHI-NVR4116HS-4KS2;6E07845PAZ33540
906;1;15;9;20;Не в учете;ASUS WL-520GU;A9IEG8000622
907;1;14;9;20;Сетевое оборудование, коммутатор, HP, 1920-48G,;HPE OfficeConnect 1920S JL386A;CN05K3R2R9
908;1;8;9;20;ИБП, APC, Back-UPS Pro 900,;APC BR900G-RS;4B2032P38042
909;1;2;4;15;Компьютер, системный блок, HP 6200 Pro MT Core i3-2120, 2 Gb, 500 Gb, Windows 7 Professional,;HP Compaq 6200 Pro Microtower;RUA2240395
910;1;27;9;20;Не в учете;Panasonic KX-T7433RU;1IBVA011728
911;1;6;4;15;МФУ (принтер, копир, факс), KYOCERA Ecosys M3040IDN, А4,;Kyocera EcoSys M3040dn;LS67535081
912;1;1;3;15;"Монитор(8528521000), HP 24""";HP E241i;CN45110CCZ
913;1;2;9;20;Компьютер, системный блок, HP 6200 Pro MT Core i3-2120, 2 Gb, 500 Gb, Windows 7 Professional,;HP Compaq 6200 Pro Microtower;RUA150002D
914;1;27;9;20;Не в учете;Panasonic KX-DT333RU;2BACE012748
915;1;1;10;7;Не в учете;Samsung 943;ME19HVCPA01299E
916;1;14;9;20;Не в учете;HP PNC J4097C;CN940ZN1B8
917;1;8;9;20;ИБП, APC, Back-UPS Pro 900,;APC S900;4B1906P37049
918;1;2;9;20;Компьютер, персональный компьютер, HP, Compaq dx2400  Windows 7,;HP Compaq dx2400 Microtower;CZC8467W1Y
919;1;1;7;20;"Монитор(8528599009), Dell E2218HN 21.5""";Dell E2218HN;6RKFV33
920;1;1;12;13;Не в учете;Samsung S19C200BW;3120HLNDC00392V
921;1;1;9;18;"Монитор(8528599009), Dell SE2416H 23.8""";Dell SE2416H/SE2416HX;74CQNL2
