vedpos;name;place;kolvo;placepriority;
1;Аппарат кассовый, Атол 30Ф, с фискальной памятью;Управление Офис 1 (Земляной вал, 61 стр. 2);1;1;
2;АТС модуль расширения, Panasonic, KX-TVM50,;Управление Офис 1 (Земляной вал, 61 стр. 2);1;1;
3;АТС модуль расширения, АСТАРТА, iBase TDMoIP 4xE1,;Управление Офис 1 (Земляной вал, 61 стр. 2);2;1;
4;Дрель электрическая, -шуруповерт аккумуляторная Makita 6319DWAE,;Управление Офис 1 (Земляной вал, 61 стр. 2);1;1;
5;ИБП, CyberPower, OR1000ELCDRM1U,;Управление Офис 1 (Земляной вал, 61 стр. 2);1;1;
6;ИБП, Smart-UPS 3000,;Управление Офис 1 (Земляной вал, 61 стр. 2);1;1;
7;ИБП, Smart-UPS 3000,;Управление Офис 1 (Земляной вал, 61 стр. 2);1;1;
8;ИБП, APC, Back-UPS BR900G-RS,;Управление Офис 1 (Земляной вал, 61 стр. 2);1;1;
9;ИБП, APC, Back-UPS Pro 900,;Управление Офис 1 (Земляной вал, 61 стр. 2);14;1;
10;ИБП, APC, Back-UPS Pro 900,;Управление Офис 1 (Земляной вал, 61 стр. 2);2;1;
11;Инструмент для сетей и компьютерной техники, для заделки кабеля, Cabeus HT-3240;Управление Офис 1 (Земляной вал, 61 стр. 2);1;1;
12;Клавиатура, USB Apple Magic Keyboard,;Управление Офис 1 (Земляной вал, 61 стр. 2);1;1;
13;Клавиатура, USB CHERRY G86-63400,;Управление Офис 1 (Земляной вал, 61 стр. 2);1;1;
14;Колонки для компьютерной техники, Logitech, Z-120;Управление Офис 1 (Земляной вал, 61 стр. 2);1;1;
15;Компьютер, персональный компьютер, HP 7300 Windows 7 Professional,;Управление Офис 1 (Земляной вал, 61 стр. 2);9;1;
16;Компьютер, персональный компьютер, Dell 3470 Dos,;Управление Офис 1 (Земляной вал, 61 стр. 2);1;1;
17;Компьютер, персональный компьютер, HP 400G1PD DM Windows 7 Professional,;Управление Офис 1 (Земляной вал, 61 стр. 2);1;1;
18;Компьютер, персональный компьютер, HP 400G1PD DM Windows 7 Professional,;Управление Офис 1 (Земляной вал, 61 стр. 2);1;1;
19;Компьютер, персональный компьютер, Dell Optiplex 3050 MT Windows 10,;Управление Офис 1 (Земляной вал, 61 стр. 2);1;1;
20;Компьютер, персональный компьютер, Dell Optiplex 3050 MT Windows 10,;Управление Офис 1 (Земляной вал, 61 стр. 2);1;1;
21;Компьютер, персональный компьютер, HP, dx2300 MT  DualCore PE-2160, Windows 7,;Управление Офис 1 (Земляной вал, 61 стр. 2);5;1;
22;Компьютер, персональный компьютер, HP, Compaq dx2400  Windows 7,;Управление Офис 1 (Земляной вал, 61 стр. 2);4;1;
23;Компьютер, Системный блок, HP dc7600 Windows XP Prof Rus,;Управление Офис 1 (Земляной вал, 61 стр. 2);1;1;
24;Компьютер, персональный компьютер, HP ProDesk 400 G4 SFF i3-7100, 4 Gb, 500 Gb, Windows 10 Professional,;Управление Офис 1 (Земляной вал, 61 стр. 2);2;1;
25;Компьютер, персональный компьютер, HP ProDesk 400 G4 SFF i3-7100, 4 Gb, 500 Gb, Windows 10 Professional,;Управление Офис 1 (Земляной вал, 61 стр. 2);1;1;
26;Компьютер, Системный блок, HP 280 G1 MT HP Care Pack,;Управление Офис 1 (Земляной вал, 61 стр. 2);1;1;
27;Компьютер, Системный блок, HP 280 G1 MT HP Care Pack,;Управление Офис 1 (Земляной вал, 61 стр. 2);1;1;
28;Компьютер, ноутбук, Lenovo IdeaPad 100-15 Без предустановленного ПО,;Управление Офис 1 (Земляной вал, 61 стр. 2);1;1;
29;Компьютер, системный блок, Dell Vostro 3681 Core i3-10100, 8GB, 1 Tb, Windows 10 Professional,;Управление Офис 1 (Земляной вал, 61 стр. 2);2;1;
30;Компьютер, системный блок, HP 400 ProDesk G2 MT Core i5-4590S, 4 Gb, 500 Gb, Dos,;Управление Офис 1 (Земляной вал, 61 стр. 2);1;1;
31;Компьютер, Системный блок, HP 3500 Pro MT Windows 7,;Управление Офис 1 (Земляной вал, 61 стр. 2);20;1;
32;Компьютер, персональный компьютер, Dell Vostro 3268, Intel Core i57400/DDR4 4GB/500GB Dos,;Управление Офис 1 (Земляной вал, 61 стр. 2);1;1;
33;"Компьютер, ноутбук, Acer Extensa EX215-51-569V 15.6"" Core i5-10210U, 512 Gb SSD, Windows 10,";Управление Офис 1 (Земляной вал, 61 стр. 2);1;1;
34;Компьютер, планшет, Apple iPad 128Gb iOS,;Управление Офис 1 (Земляной вал, 61 стр. 2);1;1;
35;Компьютер, системный блок, Lenovo IdeaCentre 90hx001brs Без предустановленного ПО,;Управление Офис 1 (Земляной вал, 61 стр. 2);1;1;
36;Компьютер, Системный блок, HP ProDesk 600 G1 TWR Core i5-4570, 4 Gb, 500 Gb, Dos,;Управление Офис 1 (Земляной вал, 61 стр. 2);1;1;
37;Компьютер, Системный блок, HP ProDesk 600 G1 TWR Core i5-4570, 4 Gb, 500 Gb, Dos,;Управление Офис 1 (Земляной вал, 61 стр. 2);1;1;
38;Компьютер, ноутбук, Lenovo V340-17IKB i3-8145U, 8GB, 1 Tb, Dos,;Управление Офис 1 (Земляной вал, 61 стр. 2);1;1;
39;Компьютер, Системный блок, HP 6000 Windows 7 Professional,;Управление Офис 1 (Земляной вал, 61 стр. 2);4;1;
40;Компьютер, системный блок, HP 400 ProDesk G2 MT Core i5-4590S, 4 Gb, 500 Gb, Dos,;Управление Офис 1 (Земляной вал, 61 стр. 2);1;1;
41;Компьютер, системный блок, HP 400 ProDesk G2 MT Core i5-4590S, 4 Gb, 500 Gb, Dos,;Управление Офис 1 (Земляной вал, 61 стр. 2);1;1;
42;"Компьютер, ноутбук, Lenovo IdeaPad 3-15 15.6"" i3-1005G1, 8GB, 512 Gb SSD, Windows 10,";Управление Офис 1 (Земляной вал, 61 стр. 2);1;1;
43;Компьютер, персональный компьютер, HP Pavilion TP01-2079ur Ryzen 5 5600G, 8GB, 512 Gb SSD, Windows 10 Professional,;Управление Офис 1 (Земляной вал, 61 стр. 2);1;1;
44;Компьютер, персональный компьютер, HP 280 G1 MT Dos,;Управление Офис 1 (Земляной вал, 61 стр. 2);1;1;
45;Компьютер, персональный компьютер, HP 280 G1 MT Dos,;Управление Офис 1 (Земляной вал, 61 стр. 2);1;1;
46;Компьютер, системный блок, HP 6200 Pro MT Core i3-2120, 2 Gb, 500 Gb, Windows 7 Professional,;Управление Офис 1 (Земляной вал, 61 стр. 2);20;1;
47;Компьютер, Системный блок, HP ProDesk 600 G1 TWR Core i5-4570, 4 Gb, 500 Gb, Dos,;Управление Офис 1 (Земляной вал, 61 стр. 2);1;1;
48;Компьютер, персональный компьютер, Dell Vostro 3670-0939 Core i3-8100, 4 Gb, 1 Tb, Linux,;Управление Офис 1 (Земляной вал, 61 стр. 2);3;1;
49;Компьютер, персональный компьютер, Dell Vostro 3670-0939 Core i3-8100, 4 Gb, 1 Tb, Linux,;Управление Офис 1 (Земляной вал, 61 стр. 2);1;1;
50;Компьютер, персональный компьютер, Dell Vostro 3670-0939 Core i3-8100, 4 Gb, 1 Tb, Linux,;Управление Офис 1 (Земляной вал, 61 стр. 2);1;1;
51;Компьютер, сервер, HP Proliant ML110G4 Pentium , 4 Gb, 256 Gb, Windows Server 2008 R2,;Управление Офис 1 (Земляной вал, 61 стр. 2);1;1;
52;Компьютер, сервер, HP Proliant ML110G4 Pentium , 4 Gb, 256 Gb, Windows Server 2008 R2,;Управление Офис 1 (Земляной вал, 61 стр. 2);1;1;
53;Компьютер, персональный компьютер, HP Z220 Xeon E3-1240 Windows 7 Professional,;Управление Офис 1 (Земляной вал, 61 стр. 2);1;1;
54;Компьютер, персональный компьютер, Dell Vostro 3268, Intel Core i57400/DDR4 4GB/1000GB Dos,;Управление Офис 1 (Земляной вал, 61 стр. 2);2;1;
55;Компьютер, ноутбук, HP ProBook 4525s AMD Mobile, 4 Gb, 250 Gb, Windows 7,;Управление Офис 1 (Земляной вал, 61 стр. 2);1;1;
56;Компьютер, ноутбук, Acer TravelMate P2 TMP259-G2-M-55DP Windows 10,;Управление Офис 1 (Земляной вал, 61 стр. 2);1;1;
57;Компьютер, персональный компьютер, HP, 500B MT Pentium , Windows 7,;Управление Офис 1 (Земляной вал, 61 стр. 2);7;1;
58;Компьютер, персональный компьютер, Dell Vostro 3670-0939 Core i3-8100, 4 Gb, 1 Tb, Linux,;Управление Офис 1 (Земляной вал, 61 стр. 2);1;1;
59;Компьютер, персональный компьютер, Dell Vostro 3670-0939 Core i3-8100, 4 Gb, 1 Tb, Linux,;Управление Офис 1 (Земляной вал, 61 стр. 2);1;1;
60;Компьютер, персональный компьютер, Dell 3470-0908 Core i3-8100, 4 Gb, 1 Tb, Linux,;Управление Офис 1 (Земляной вал, 61 стр. 2);1;1;
61;Компьютер, персональный компьютер, Dell 3470-0908 Core i3-8100, 4 Gb, 1 Tb, Linux,;Управление Офис 1 (Земляной вал, 61 стр. 2);3;1;
62;Компьютер, персональный компьютер, HP 6300 i3-3220 Windows 7,;Управление Офис 1 (Земляной вал, 61 стр. 2);2;1;
63;Компьютер, Системный блок, HP 400 ProDesk G2 MT Core i5-4590S, 4 Gb, 1 Tb, Windows 7 Pro 64-bit,;Управление Офис 1 (Земляной вал, 61 стр. 2);1;1;
64;Компьютер, системный блок, Dell Vostro 3671 i3-9100, 4 Gb, 1 Tb, Dos,;Управление Офис 1 (Земляной вал, 61 стр. 2);6;1;
65;Компьютер, системный блок, HP 600 G3 SFF ProDesk Dos,;Управление Офис 1 (Земляной вал, 61 стр. 2);1;1;
66;Копировальный аппарат, Ricoh, Aficio MP161,;Управление Офис 1 (Земляной вал, 61 стр. 2);1;1;
67;Лестница хозяйственная, стремянка, алюминевая, L=1,24м,;Управление Офис 1 (Земляной вал, 61 стр. 2);1;1;
68;Молоток, дерево квадратный боек, 0,400кг,;Управление Офис 1 (Земляной вал, 61 стр. 2);1;1;
69;"Монитор, Samsung 23.6""";Управление Офис 1 (Земляной вал, 61 стр. 2);1;1;
70;"Монитор, Samsung S22B300B 21.5""";Управление Офис 1 (Земляной вал, 61 стр. 2);1;1;
71;"Монитор, Samsung S22E200NY 21.5""";Управление Офис 1 (Земляной вал, 61 стр. 2);1;1;
72;"Монитор, Samsung S22E200NY 21.5""";Управление Офис 1 (Земляной вал, 61 стр. 2);1;1;
73;"Монитор, Samsung S22E200NY 21.5""";Управление Офис 1 (Земляной вал, 61 стр. 2);3;1;
74;"Монитор, Samsung S24F350FHI 23.5""";Управление Офис 1 (Земляной вал, 61 стр. 2);2;1;
75;"Монитор, Samsung S24D300H 24""";Управление Офис 1 (Земляной вал, 61 стр. 2);1;1;
76;"Монитор, Samsung 23""";Управление Офис 1 (Земляной вал, 61 стр. 2);8;1;
77;"Монитор, Samsung 22""";Управление Офис 1 (Земляной вал, 61 стр. 2);31;1;
78;"Монитор, Samsung S22D300HY 21.5""";Управление Офис 1 (Земляной вал, 61 стр. 2);1;1;
79;"Монитор, Samsung S22C450B 21.5""";Управление Офис 1 (Земляной вал, 61 стр. 2);1;1;
80;"Монитор, Samsung E2220N 21.5""";Управление Офис 1 (Земляной вал, 61 стр. 2);6;1;
81;"Монитор, Samsung S24D300H 24""";Управление Офис 1 (Земляной вал, 61 стр. 2);1;1;
82;"Монитор, Samsung S24F350FHI 23.5""";Управление Офис 1 (Земляной вал, 61 стр. 2);1;1;
83;"Монитор, Samsung S22E450B 21.5""";Управление Офис 1 (Земляной вал, 61 стр. 2);1;1;
84;"Монитор, Samsung S24E390HL 23.6""";Управление Офис 1 (Земляной вал, 61 стр. 2);2;1;
85;"Монитор, Samsung S24E390HL 23.6""";Управление Офис 1 (Земляной вал, 61 стр. 2);2;1;
86;"Монитор, Samsung S24E390HL 23.6""";Управление Офис 1 (Земляной вал, 61 стр. 2);2;1;
87;"Монитор, Samsung S24E390HL 23.6""";Управление Офис 1 (Земляной вал, 61 стр. 2);1;1;
88;"Монитор(8528521000), Samsung S24F350FHI 23.5""";Управление Офис 1 (Земляной вал, 61 стр. 2);1;1;
89;"Монитор(8528521000), HP 24""";Управление Офис 1 (Земляной вал, 61 стр. 2);1;1;
90;"Монитор(8528521000), HP 24""";Управление Офис 1 (Земляной вал, 61 стр. 2);1;1;
91;"Монитор(8528521000), Dell 23""";Управление Офис 1 (Земляной вал, 61 стр. 2);1;1;
92;"Монитор(8528521000), Samsung S23E200B 23""";Управление Офис 1 (Земляной вал, 61 стр. 2);2;1;
93;"Монитор(8528521000), Philips 27""";Управление Офис 1 (Земляной вал, 61 стр. 2);1;1;
94;"Монитор(8528521000), HP E241i 24""";Управление Офис 1 (Земляной вал, 61 стр. 2);1;1;
95;"Монитор(8528521000), Dell 24""";Управление Офис 1 (Земляной вал, 61 стр. 2);1;1;
96;"Монитор(8528599009), Dell E2218HN 21.5""";Управление Офис 1 (Земляной вал, 61 стр. 2);6;1;
97;"Монитор(8528599009), Dell SE2416H 23.8""";Управление Офис 1 (Земляной вал, 61 стр. 2);1;1;
98;"Монитор(8528599009), Dell SE2416H 23.8""";Управление Офис 1 (Земляной вал, 61 стр. 2);1;1;
99;"Монитор(8528599009), Dell SE2416H 23.8""";Управление Офис 1 (Земляной вал, 61 стр. 2);1;1;
100;"Монитор(8528599009), Dell E2418HN 23.8""";Управление Офис 1 (Земляной вал, 61 стр. 2);1;1;
101;"Монитор(8528599009), Dell E2418HN 23.8""";Управление Офис 1 (Земляной вал, 61 стр. 2);1;1;
102;"Монитор(8528599009), Dell E2418HN 23.8""";Управление Офис 1 (Земляной вал, 61 стр. 2);1;1;
103;"Монитор(8528599009), Dell E2418HN 23.8""";Управление Офис 1 (Земляной вал, 61 стр. 2);2;1;
104;МФУ (принтер, копир, факс), Xerox 6204, принтер+сканер+копир А0,;Управление Офис 1 (Земляной вал, 61 стр. 2);1;1;
105;МФУ (принтер, копир, факс), KYOCERA Ecosys M3040IDN, А4,;Управление Офис 1 (Земляной вал, 61 стр. 2);1;1;
106;МФУ (принтер, копир, факс), KYOCERA Ecosys M3040IDN, А4,;Управление Офис 1 (Земляной вал, 61 стр. 2);1;1;
107;МФУ (принтер, копир, факс), HP LaserJet Pro 400 M425dn,;Управление Офис 1 (Земляной вал, 61 стр. 2);1;1;
108;МФУ (принтер, копир, факс), HP LaserJet Pro 400 M425dn,;Управление Офис 1 (Земляной вал, 61 стр. 2);2;1;
109;МФУ (принтер, копир, факс), Xerox WC 7220, принтер+сканер+копир А3,;Управление Офис 1 (Земляной вал, 61 стр. 2);2;1;
110;МФУ (принтер, копир, факс), Canon i-SENSYS MF416dw,;Управление Офис 1 (Земляной вал, 61 стр. 2);2;1;
111;МФУ (принтер, копир, факс), HP LaserJet M1536 , принтер+сканер+копир А4,;Управление Офис 1 (Земляной вал, 61 стр. 2);1;1;
112;МФУ (принтер, копир, факс), HP LaserJet Pro M426fdn, А4,;Управление Офис 1 (Земляной вал, 61 стр. 2);1;1;
113;МФУ (принтер, копир, факс), HP LaserJet Pro M426fdn, А4,;Управление Офис 1 (Земляной вал, 61 стр. 2);1;1;
114;МФУ (принтер, копир, факс), HP LaserJet Pro M225 (CF485A), А4,;Управление Офис 1 (Земляной вал, 61 стр. 2);1;1;
115;МФУ (принтер, копир, факс), HP LaserJet Pro M428dw,;Управление Офис 1 (Земляной вал, 61 стр. 2);1;1;
116;МФУ (принтер, копир, факс), KYOCERA TASKalfa 1800,;Управление Офис 1 (Земляной вал, 61 стр. 2);1;1;
117;МФУ (принтер, копир, факс), KYOCERA Ecosys M5526cdn,;Управление Офис 1 (Земляной вал, 61 стр. 2);1;1;
118;МФУ (принтер, копир, факс), Xerox WC 7220, принтер+сканер+копир А3,;Управление Офис 1 (Земляной вал, 61 стр. 2);1;1;
119;МФУ (принтер, копир, факс), KYOCERA Ecosys M2035DN, принтер+сканер+копир А4,;Управление Офис 1 (Земляной вал, 61 стр. 2);1;1;
120;МФУ (принтер, копир, факс), KYOCERA Ecosys M2035DN, принтер+сканер+копир А4,;Управление Офис 1 (Земляной вал, 61 стр. 2);1;1;
121;МФУ (принтер, копир, факс), HP LaserJet Pro M426fdn, А4,;Управление Офис 1 (Земляной вал, 61 стр. 2);1;1;
122;МФУ (принтер, копир, факс), HP LaserJet Pro M426fdn, А4,;Управление Офис 1 (Земляной вал, 61 стр. 2);1;1;
123;МФУ (принтер, копир, факс), HP LaserJet Pro M426fdn, А4,;Управление Офис 1 (Земляной вал, 61 стр. 2);1;1;
124;Набор инструментальный, универсальный 39предм.,;Управление Офис 1 (Земляной вал, 61 стр. 2);1;1;
125;Оборудование для обработки бумаги, уничтожитель бумаги (шредер) HSM ShredStar X5-4.5x30;Управление Офис 1 (Земляной вал, 61 стр. 2);1;1;
126;Оборудование для обработки бумаги, уничтожитель бумаги (шредер) Gladwork Aquarium 25CD;Управление Офис 1 (Земляной вал, 61 стр. 2);1;1;
127;Оборудование для обработки бумаги, уничтожитель бумаги (шредер) HSM Securio C14-4х25;Управление Офис 1 (Земляной вал, 61 стр. 2);1;1;
128;Перфоратор, Makita HR160DWA 1,2Дж 12В SDS-plus;Управление Офис 1 (Земляной вал, 61 стр. 2);1;1;
129;Перфоратор, Makita HR2450 950Вт, 15Дж SDS-Max;Управление Офис 1 (Земляной вал, 61 стр. 2);1;1;
130;Плоттер, HP, DesignJet 500-;Управление Офис 1 (Земляной вал, 61 стр. 2);1;1;
131;Прибор, тестер для проверки качества видеосигнала, Expert-4IP/CMOT;Управление Офис 1 (Земляной вал, 61 стр. 2);1;1;
132;Принтер, HP, LaserJet P2055dn CE459A;Управление Офис 1 (Земляной вал, 61 стр. 2);2;1;
133;Принтер, HP, LaserJet 5200DTN;Управление Офис 1 (Земляной вал, 61 стр. 2);1;1;
134;Принтер, Brother, QL-800;Управление Офис 1 (Земляной вал, 61 стр. 2);1;1;
135;Принтер, Ricoh, SP C250DN;Управление Офис 1 (Земляной вал, 61 стр. 2);1;1;
136;Принтер, HP, LaserJet Pro 400 M401d;Управление Офис 1 (Земляной вал, 61 стр. 2);8;1;
137;Принтер, HP, LaserJet M601n А4,;Управление Офис 1 (Земляной вал, 61 стр. 2);1;1;
138;Принтер, Canon, PIXMA IX6840;Управление Офис 1 (Земляной вал, 61 стр. 2);1;1;
139;Принтер, Canon, PIXMA IX6840;Управление Офис 1 (Земляной вал, 61 стр. 2);1;1;
140;Радиостанция, портативная FT-60R Yaesu;Управление Офис 1 (Земляной вал, 61 стр. 2);2;1;
141;Сетевое оборудование, коммутатор, HP, 1910-8G,;Управление Офис 1 (Земляной вал, 61 стр. 2);1;1;
142;Сетевое оборудование, маршрутизатор (роутер), ZTE, MF838FT,;Управление Офис 1 (Земляной вал, 61 стр. 2);1;1;
143;Сетевое оборудование, коммутатор, ZyXEL, GS-108B,;Управление Офис 1 (Земляной вал, 61 стр. 2);2;1;
144;Сетевое оборудование, коммутатор, ZyXEL, GS-108B,;Управление Офис 1 (Земляной вал, 61 стр. 2);5;1;
145;Сетевое оборудование, точка доступа, Ubiquiti, Bullet,;Управление Офис 1 (Земляной вал, 61 стр. 2);2;1;
146;Сетевое оборудование, точка доступа, Ubiquiti, Bullet,;Управление Офис 1 (Земляной вал, 61 стр. 2);5;1;
147;Сетевое оборудование, коммутатор, HP, 1910-48G,;Управление Офис 1 (Земляной вал, 61 стр. 2);1;1;
148;Сетевое оборудование, коммутатор, HP, ProCurve Switch 2650,;Управление Офис 1 (Земляной вал, 61 стр. 2);1;1;
149;Сетевое оборудование, коммутатор, HP, PS1810-8G,;Управление Офис 1 (Земляной вал, 61 стр. 2);2;1;
150;Сетевое оборудование, коммутатор, Dahua, DH-(PFS3110)-8P-96,;Управление Офис 1 (Земляной вал, 61 стр. 2);1;1;
151;Сетевое оборудование, коммутатор, Dahua, DH-(PFS3110)-8P-96,;Управление Офис 1 (Земляной вал, 61 стр. 2);2;1;
152;Сетевое оборудование, маршрутизатор (роутер), ZyXEL, Keenetic,;Управление Офис 1 (Земляной вал, 61 стр. 2);1;1;
153;"Сетевое оборудование, шкаф телекоммуникационный, CABEUS, 19"" 9U,";Управление Офис 1 (Земляной вал, 61 стр. 2);3;1;
154;"Сетевое оборудование, шкаф телекоммуникационный, CABEUS, 19"" 9U,";Управление Офис 1 (Земляной вал, 61 стр. 2);1;1;
155;Сетевое оборудование, коммутатор, HP, 1910-48G,;Управление Офис 1 (Земляной вал, 61 стр. 2);6;1;
156;Сетевое оборудование, маршрутизатор (роутер), ZTE, MF283V,;Управление Офис 1 (Земляной вал, 61 стр. 2);2;1;
157;Сетевое оборудование, маршрутизатор (роутер), ZTE, MF283V,;Управление Офис 1 (Земляной вал, 61 стр. 2);1;1;
158;Сетевое оборудование, коммутатор, ZyXEL, GS-105B,;Управление Офис 1 (Земляной вал, 61 стр. 2);2;1;
159;Сетевое оборудование, маршрутизатор (роутер), Cisco, 880,;Управление Офис 1 (Земляной вал, 61 стр. 2);1;1;
160;Сетевое оборудование, коммутатор, HP, 1920-48G,;Управление Офис 1 (Земляной вал, 61 стр. 2);1;1;
161;Сетевое оборудование, коммутатор, HP, 1920-48G,;Управление Офис 1 (Земляной вал, 61 стр. 2);1;1;
162;Система контроля, видеонаблюдение, видеорегистратор,;Управление Офис 1 (Земляной вал, 61 стр. 2);3;1;
163;Система контроля, видеонаблюдение, IP камера Dahua DH-IPC-HFW2231TP-ZS,;Управление Офис 1 (Земляной вал, 61 стр. 2);10;1;
164;Система контроля, видеонаблюдение, видеорегистратор DS-7316HI-ST,;Управление Офис 1 (Земляной вал, 61 стр. 2);1;1;
165;Система контроля, доступ, турникет,;Управление Офис 1 (Земляной вал, 61 стр. 2);4;1;
166;Система контроля, доступ, турникет,;Управление Офис 1 (Земляной вал, 61 стр. 2);2;1;
167;Система контроля, доступ, контроллер Sphinx E500,;Управление Офис 1 (Земляной вал, 61 стр. 2);2;1;
168;Система контроля, видеонаблюдение, видеокамера,;Управление Офис 1 (Земляной вал, 61 стр. 2);1;1;
169;Система контроля, видеонаблюдение, видеорегистратор Dahua DHI-XVR4116HS-1,;Управление Офис 1 (Земляной вал, 61 стр. 2);3;1;
170;Система контроля, видеонаблюдение, видеорегистратор DHI-NVR-5216-4KS2,;Управление Офис 1 (Земляной вал, 61 стр. 2);1;1;
171;Система контроля, видеонаблюдение, видеокамера,;Управление Офис 1 (Земляной вал, 61 стр. 2);6;1;
172;Система контроля, видеонаблюдение, видеокамера,;Управление Офис 1 (Земляной вал, 61 стр. 2);3;1;
173;Система контроля, видеонаблюдение, видеокамера,;Управление Офис 1 (Земляной вал, 61 стр. 2);3;1;
174;Система контроля, видеонаблюдение, видеокамера,;Управление Офис 1 (Земляной вал, 61 стр. 2);5;1;
175;Система контроля, видеонаблюдение, видеокамера,;Управление Офис 1 (Земляной вал, 61 стр. 2);5;1;
176;Система контроля, видеонаблюдение, видеокамера,;Управление Офис 1 (Земляной вал, 61 стр. 2);5;1;
177;Сканер, Canon, CanoScan LiDE 400;Управление Офис 1 (Земляной вал, 61 стр. 2);1;1;
178;Сканер, Canon, P 215 DMS;Управление Офис 1 (Земляной вал, 61 стр. 2);1;1;
179;Сканер, Canon, P-215 II;Управление Офис 1 (Земляной вал, 61 стр. 2);1;1;
180;Сканер, Canon, P-215 II;Управление Офис 1 (Земляной вал, 61 стр. 2);1;1;
181;Сканер, Canon, DR-C125;Управление Офис 1 (Земляной вал, 61 стр. 2);1;1;
182;"Сумка, 15,6"", для ноутбука, нейлон,";Управление Офис 1 (Земляной вал, 61 стр. 2);1;1;
183;Телефон мобильный, Samsung, Galaxy A01 SM-A015F;Управление Офис 1 (Земляной вал, 61 стр. 2);1;1;
184;Телефон мобильный, Samsung,;Управление Офис 1 (Земляной вал, 61 стр. 2);1;1;
185;Телефон стационарный, системный Panasonic KX-DT543RUB;Управление Офис 1 (Земляной вал, 61 стр. 2);1;1;
186;Телефон стационарный, IP-телефон Panasonic KX-NT511ARUW;Управление Офис 1 (Земляной вал, 61 стр. 2);1;1;
187;Телефон стационарный, IP-телефон Panasonic KX-NT511ARUW;Управление Офис 1 (Земляной вал, 61 стр. 2);1;1;
188;Телефон стационарный, системный Panasonic KX-DT521RU;Управление Офис 1 (Земляной вал, 61 стр. 2);1;1;
189;Телефон стационарный, системный Panasonic KX-DT521RU;Управление Офис 1 (Земляной вал, 61 стр. 2);1;1;
190;Телефон стационарный, системный Panasonic KX-DT521RU;Управление Офис 1 (Земляной вал, 61 стр. 2);2;1;
191;Телефон стационарный, проводной цифровой Panasonic KX-DT546RU;Управление Офис 1 (Земляной вал, 61 стр. 2);1;1;
192;Телефон стационарный, аппарат телефонный Panasonic KX-DT521RU;Управление Офис 1 (Земляной вал, 61 стр. 2);1;1;
193;Телефон стационарный, проводной цифровой Panasonic KX-DT321RU;Управление Офис 1 (Земляной вал, 61 стр. 2);11;1;
194;Телефон стационарный, проводной цифровой Panasonic KX-DT321RU;Управление Офис 1 (Земляной вал, 61 стр. 2);1;1;
195;Холодильник, Смоленск 417,;Управление Офис 1 (Земляной вал, 61 стр. 2);1;1;
1;Дрель электрическая, -шуруповерт аккумуляторная BOSCH GSB 18-2-LI Plus,;ПБ Бирюлево Офис 2 (ул.Подольских курсантов, 22Б);1;2;
2;Дрель электрическая, -шуруповерт аккумуляторная BOSCH GSB 120-LI,;ПБ Бирюлево Офис 2 (ул.Подольских курсантов, 22Б);1;2;
3;ИБП, APC, BR900MI,;ПБ Бирюлево Офис 2 (ул.Подольских курсантов, 22Б);1;2;
4;ИБП, APC, Back-UPS Pro 900,;ПБ Бирюлево Офис 2 (ул.Подольских курсантов, 22Б);3;2;
5;ИБП, APC, Back-RS900VA(BR900GI),;ПБ Бирюлево Офис 2 (ул.Подольских курсантов, 22Б);1;2;
6;Индикатор, световой ТС-03;ПБ Бирюлево Офис 2 (ул.Подольских курсантов, 22Б);1;2;
7;Инструмент обжимной, пресс-клещи (кримпер) CP-376,;ПБ Бирюлево Офис 2 (ул.Подольских курсантов, 22Б);1;2;
8;Компьютер, персональный компьютер, Dell Optiplex 3050 MT Windows 10,;ПБ Бирюлево Офис 2 (ул.Подольских курсантов, 22Б);1;2;
9;Компьютер, персональный компьютер, Dell 3470-0908 Core i3-8100, 4 Gb, 1 Tb, Linux,;ПБ Бирюлево Офис 2 (ул.Подольских курсантов, 22Б);1;2;
10;Компьютер, системный блок, Dell Vostro 3671 i3-9100, 4 Gb, 1 Tb, Dos,;ПБ Бирюлево Офис 2 (ул.Подольских курсантов, 22Б);5;2;
11;Компьютер, системный блок, Dell Vostro 3671 i3-9100, 4 Gb, 1 Tb, Dos,;ПБ Бирюлево Офис 2 (ул.Подольских курсантов, 22Б);1;2;
12;Компьютер, персональный компьютер, Dell Vostro 3268, Intel Core i57400/DDR4 4GB/1000GB Dos,;ПБ Бирюлево Офис 2 (ул.Подольских курсантов, 22Б);1;2;
13;Компьютер, персональный компьютер, Dell Vostro 3670-0939 Core i3-8100, 4 Gb, 1 Tb, Linux,;ПБ Бирюлево Офис 2 (ул.Подольских курсантов, 22Б);1;2;
14;Компьютер, персональный компьютер, Dell Vostro 3670-0939 Core i3-8100, 4 Gb, 1 Tb, Linux,;ПБ Бирюлево Офис 2 (ул.Подольских курсантов, 22Б);1;2;
15;Компьютер, персональный компьютер, Dell Vostro 3670-0939 Core i3-8100, 4 Gb, 1 Tb, Linux,;ПБ Бирюлево Офис 2 (ул.Подольских курсантов, 22Б);1;2;
16;Компьютер, персональный компьютер, Dell Vostro 3670-0939 Core i3-8100, 4 Gb, 1 Tb, Linux,;ПБ Бирюлево Офис 2 (ул.Подольских курсантов, 22Б);1;2;
17;Компьютер, системный блок, Dell Vostro 3671 i3-9100, 4 Gb, 1 Tb, Windows 10 Professional,;ПБ Бирюлево Офис 2 (ул.Подольских курсантов, 22Б);1;2;
18;Компьютер, системный блок, HP 400 ProDesk G2 MT Core i5-4590S, 4 Gb, 500 Gb, Dos,;ПБ Бирюлево Офис 2 (ул.Подольских курсантов, 22Б);1;2;
19;Компьютер, персональный компьютер, HP 400 G3PD MT i56500 Dos,;ПБ Бирюлево Офис 2 (ул.Подольских курсантов, 22Б);1;2;
20;Компьютер, Системный блок, Intel Core i7-6700 Без предустановленного ПО,;ПБ Бирюлево Офис 2 (ул.Подольских курсантов, 22Б);1;2;
21;Компьютер, персональный компьютер, HP ProDesk 490 G3 MT i7-6700, 8GB, 1 Tb, Windows 10,;ПБ Бирюлево Офис 2 (ул.Подольских курсантов, 22Б);1;2;
22;Компьютер, системный блок, Lenovo IdeaCentre 90hx001brs Без предустановленного ПО,;ПБ Бирюлево Офис 2 (ул.Подольских курсантов, 22Б);1;2;
23;Компьютер, системный блок, Dell Vostro 3888 i3, 8GB, 256Gb SSD, Windows 10,;ПБ Бирюлево Офис 2 (ул.Подольских курсантов, 22Б);1;2;
24;Компьютер, системный блок, Dell Vostro 3888 i3, 8GB, 256Gb SSD, Windows 10,;ПБ Бирюлево Офис 2 (ул.Подольских курсантов, 22Б);1;2;
25;Компьютер, системный блок, Dell Vostro 3681 Core i3-10100, 8GB, 1 Tb, Windows 10 Professional,;ПБ Бирюлево Офис 2 (ул.Подольских курсантов, 22Б);1;2;
26;Компьютер, системный блок, Dell Vostro 3681 Core i3-10100, 8GB, 1 Tb, Windows 10 Professional,;ПБ Бирюлево Офис 2 (ул.Подольских курсантов, 22Б);8;2;
27;Копировальный аппарат, Ricoh, Aficio MP161,;ПБ Бирюлево Офис 2 (ул.Подольских курсантов, 22Б);1;2;
28;"Монитор, Samsung S22E200NY 21.5""";ПБ Бирюлево Офис 2 (ул.Подольских курсантов, 22Б);1;2;
29;"Монитор, Samsung 27""";ПБ Бирюлево Офис 2 (ул.Подольских курсантов, 22Б);1;2;
30;"Монитор, Samsung S22E390H 21.5""";ПБ Бирюлево Офис 2 (ул.Подольских курсантов, 22Б);1;2;
31;"Монитор, Samsung S24E390HL 23.6""";ПБ Бирюлево Офис 2 (ул.Подольских курсантов, 22Б);1;2;
32;"Монитор, Samsung 21.5""";ПБ Бирюлево Офис 2 (ул.Подольских курсантов, 22Б);1;2;
33;"Монитор, Samsung 21.5""";ПБ Бирюлево Офис 2 (ул.Подольских курсантов, 22Б);2;2;
34;"Монитор(8528521000), Samsung S22E200B 21.5""";ПБ Бирюлево Офис 2 (ул.Подольских курсантов, 22Б);1;2;
35;"Монитор(8528521000), Dell 24""";ПБ Бирюлево Офис 2 (ул.Подольских курсантов, 22Б);1;2;
36;"Монитор(8528521000), Dell 24""";ПБ Бирюлево Офис 2 (ул.Подольских курсантов, 22Б);1;2;
37;"Монитор(8528521000), Dell E2218HN 21.5""";ПБ Бирюлево Офис 2 (ул.Подольских курсантов, 22Б);1;2;
38;"Монитор(8528599009), Acer 24""";ПБ Бирюлево Офис 2 (ул.Подольских курсантов, 22Б);1;2;
39;"Монитор(8528599009), Dell E2420HS 23.8""";ПБ Бирюлево Офис 2 (ул.Подольских курсантов, 22Б);2;2;
40;"Монитор(8528599009), Dell 21.5""";ПБ Бирюлево Офис 2 (ул.Подольских курсантов, 22Б);1;2;
41;"Монитор(8528599009), Dell E2218HN 21.5""";ПБ Бирюлево Офис 2 (ул.Подольских курсантов, 22Б);1;2;
42;"Монитор(8528599009), Dell E2218HN 21.5""";ПБ Бирюлево Офис 2 (ул.Подольских курсантов, 22Б);2;2;
43;"Монитор(8528599009), Dell E2218HN 21.5""";ПБ Бирюлево Офис 2 (ул.Подольских курсантов, 22Б);2;2;
44;"Монитор(8528599009), Samsung S27E390H 27""";ПБ Бирюлево Офис 2 (ул.Подольских курсантов, 22Б);2;2;
45;"Монитор(8528599009), Dell E2418HN 23.8""";ПБ Бирюлево Офис 2 (ул.Подольских курсантов, 22Б);2;2;
46;МФУ (принтер, копир, факс), Ricoh MP 2014AD,;ПБ Бирюлево Офис 2 (ул.Подольских курсантов, 22Б);1;2;
47;МФУ (принтер, копир, факс), Xerox WC 7225,;ПБ Бирюлево Офис 2 (ул.Подольских курсантов, 22Б);1;2;
48;МФУ (принтер, копир, факс), KYOCERA Ecosys M2540dn,;ПБ Бирюлево Офис 2 (ул.Подольских курсантов, 22Б);1;2;
49;Прибор, накопитель фискальный ФН-М;ПБ Бирюлево Офис 2 (ул.Подольских курсантов, 22Б);1;2;
50;Принтер, Xerox, Phaser 3260DNI;ПБ Бирюлево Офис 2 (ул.Подольских курсантов, 22Б);1;2;
51;Принтер, Xerox, Phaser 3260DNI;ПБ Бирюлево Офис 2 (ул.Подольских курсантов, 22Б);1;2;
52;Принтер, HP, LaserJet Enterprise M601dn;ПБ Бирюлево Офис 2 (ул.Подольских курсантов, 22Б);1;2;
53;Принтер, HP, LaserJet Pro M402dne;ПБ Бирюлево Офис 2 (ул.Подольских курсантов, 22Б);1;2;
54;Сетевое оборудование, коммутатор, ZyXEL, GS1900-24,;ПБ Бирюлево Офис 2 (ул.Подольских курсантов, 22Б);1;2;
55;Сетевое оборудование, коммутатор, HP, HPE 1820 24G,;ПБ Бирюлево Офис 2 (ул.Подольских курсантов, 22Б);1;2;
56;Сетевое оборудование, коммутатор, HP, HPE 1820 24G,;ПБ Бирюлево Офис 2 (ул.Подольских курсантов, 22Б);1;2;
57;Сетевое оборудование, шкаф серверный, HP, 42U,;ПБ Бирюлево Офис 2 (ул.Подольских курсантов, 22Б);1;2;
58;Сетевое оборудование, коммутатор, HP, 1910-8 Switch,;ПБ Бирюлево Офис 2 (ул.Подольских курсантов, 22Б);1;2;
59;Сетевое оборудование, шкаф серверный, Zpas, 42U,;ПБ Бирюлево Офис 2 (ул.Подольских курсантов, 22Б);1;2;
60;Сетевое оборудование, коммутатор, Falcon Eye, FE-104-POE-S,;ПБ Бирюлево Офис 2 (ул.Подольских курсантов, 22Б);1;2;
61;Сетевое оборудование, коммутатор, Falcon Eye, FE-104-POE-S,;ПБ Бирюлево Офис 2 (ул.Подольских курсантов, 22Б);2;2;
62;Сетевое оборудование, коммутатор, HP, HPE OfficeConnect 1950, JG960A,;ПБ Бирюлево Офис 2 (ул.Подольских курсантов, 22Б);1;2;
63;Сетевое оборудование, маршрутизатор (роутер), Cisco, 2911/K9,;ПБ Бирюлево Офис 2 (ул.Подольских курсантов, 22Б);1;2;
64;Сетевое оборудование, маршрутизатор (роутер), ZyXEL, Keenetic Extra,;ПБ Бирюлево Офис 2 (ул.Подольских курсантов, 22Б);1;2;
65;Сетевое оборудование, шкаф серверный, CABEUS, 42U,;ПБ Бирюлево Офис 2 (ул.Подольских курсантов, 22Б);1;2;
66;Сетевое оборудование, точка доступа, Ubiquiti, PowerBeam M2-400,;ПБ Бирюлево Офис 2 (ул.Подольских курсантов, 22Б);2;2;
67;Сетевое оборудование, точка доступа, Ubiquiti, PowerBeam M2-400,;ПБ Бирюлево Офис 2 (ул.Подольских курсантов, 22Б);3;2;
68;Сетевое оборудование, точка доступа, Ubiquiti, PowerBeam M2-400,;ПБ Бирюлево Офис 2 (ул.Подольских курсантов, 22Б);2;2;
69;Сетевое оборудование, маршрутизатор (роутер), Cisco, 880,;ПБ Бирюлево Офис 2 (ул.Подольских курсантов, 22Б);1;2;
70;Сетевое оборудование, коммутатор, HP, 1920-48G,;ПБ Бирюлево Офис 2 (ул.Подольских курсантов, 22Б);2;2;
71;Сетевое оборудование, коммутатор, HP, 1920-48G,;ПБ Бирюлево Офис 2 (ул.Подольских курсантов, 22Б);5;2;
72;Сетевое оборудование, коммутатор, Tenda, TEG1105PD,;ПБ Бирюлево Офис 2 (ул.Подольских курсантов, 22Б);2;2;
73;"Сетевое оборудование, шкаф телекоммуникационный, CABEUS, 19"" 9U,";ПБ Бирюлево Офис 2 (ул.Подольских курсантов, 22Б);1;2;
74;"Сетевое оборудование, шкаф телекоммуникационный, CABEUS, 19"" 9U,";ПБ Бирюлево Офис 2 (ул.Подольских курсантов, 22Б);1;2;
75;Сетевое оборудование, коммутатор, TP-Link, TL-SF1005P,;ПБ Бирюлево Офис 2 (ул.Подольских курсантов, 22Б);1;2;
76;Сетевое оборудование, коммутатор, TP-Link, TL-SF1005P,;ПБ Бирюлево Офис 2 (ул.Подольских курсантов, 22Б);2;2;
77;Сетевое оборудование, коммутатор, Dahua, DH-PFS3009-8ET-96,;ПБ Бирюлево Офис 2 (ул.Подольских курсантов, 22Б);1;2;
78;Система контроля, видеонаблюдение, IP камера Dahua DH-IPC-HFW2231TP-ZS,;ПБ Бирюлево Офис 2 (ул.Подольских курсантов, 22Б);2;2;
79;Система контроля, видеонаблюдение, IP камера Dahua DH-IPC-HFW2231TP-ZS,;ПБ Бирюлево Офис 2 (ул.Подольских курсантов, 22Б);6;2;
80;Система контроля, видеонаблюдение, видеорегистратор DHI-NVR-2208-4KS2,;ПБ Бирюлево Офис 2 (ул.Подольских курсантов, 22Б);1;2;
81;Система контроля, видеонаблюдение, видеорегистратор DHI-NVR4116HS-4KS2,;ПБ Бирюлево Офис 2 (ул.Подольских курсантов, 22Б);1;2;
82;Система контроля, видеонаблюдение, IP камера HiWatch DS-l202,;ПБ Бирюлево Офис 2 (ул.Подольских курсантов, 22Б);2;2;
83;Система контроля, видеонаблюдение, IP камера Uniview IPC2122SR3-PF36,;ПБ Бирюлево Офис 2 (ул.Подольских курсантов, 22Б);2;2;
84;Система контроля, видеонаблюдение, видеорегистратор Dahua DHI-XVR5216AN-S2,;ПБ Бирюлево Офис 2 (ул.Подольских курсантов, 22Б);1;2;
85;Система контроля, видеонаблюдение, видеорегистратор DHI-NVR4216-4KS2/L,;ПБ Бирюлево Офис 2 (ул.Подольских курсантов, 22Б);1;2;
86;Система контроля, видеонаблюдение, видеокамера,;ПБ Бирюлево Офис 2 (ул.Подольских курсантов, 22Б);1;2;
87;Система контроля, видеонаблюдение, видеокамера,;ПБ Бирюлево Офис 2 (ул.Подольских курсантов, 22Б);3;2;
88;Система контроля, видеонаблюдение, IP камера Falcon Eye FE-IPC-DP2e-30p,;ПБ Бирюлево Офис 2 (ул.Подольских курсантов, 22Б);1;2;
89;Система контроля, видеонаблюдение, IP камера Dahua DH-IPC-HFW2431SP-S-0360B,;ПБ Бирюлево Офис 2 (ул.Подольских курсантов, 22Б);3;2;
90;Система контроля, видеонаблюдение, IP камера Dahua DH-IPC-HFW2431SP-S-0360B,;ПБ Бирюлево Офис 2 (ул.Подольских курсантов, 22Б);2;2;
91;Система контроля, видеонаблюдение, видеорегистратор Dahua DHI-NVR2104-P-I,;ПБ Бирюлево Офис 2 (ул.Подольских курсантов, 22Б);1;2;
92;Система контроля, видеонаблюдение, IP камера HiWatch DS-I122,;ПБ Бирюлево Офис 2 (ул.Подольских курсантов, 22Б);9;2;
93;Система контроля, видеонаблюдение, IP камера Falcon Eye FE-IPC-DL200P,;ПБ Бирюлево Офис 2 (ул.Подольских курсантов, 22Б);2;2;
94;Система контроля, видеонаблюдение, видеорегистратор DHI-NVR2104-4KS2,;ПБ Бирюлево Офис 2 (ул.Подольских курсантов, 22Б);2;2;
95;Сканер, Canon, CanoScan LiDE 400;ПБ Бирюлево Офис 2 (ул.Подольских курсантов, 22Б);1;2;
96;"Телевизор, Mystery 32"", LED";ПБ Бирюлево Офис 2 (ул.Подольских курсантов, 22Б);1;2;
97;Телефон стационарный, системный Panasonic KX-DT521RU;ПБ Бирюлево Офис 2 (ул.Подольских курсантов, 22Б);1;2;
98;Телефон стационарный, аппарат телефонный Ritmix RT-320;ПБ Бирюлево Офис 2 (ул.Подольских курсантов, 22Б);2;2;
99;Телефон стационарный, аппарат телефонный Panasonic KX-DT521RU;ПБ Бирюлево Офис 2 (ул.Подольских курсантов, 22Б);2;2;
100;Телефон стационарный, аппарат телефонный Panasonic KX-DT521RU;ПБ Бирюлево Офис 2 (ул.Подольских курсантов, 22Б);1;2;
101;Телефон стационарный, аппарат телефонный Panasonic KX-TS2352RU;ПБ Бирюлево Офис 2 (ул.Подольских курсантов, 22Б);1;2;
102;Телефон стационарный, аппарат телефонный Panasonic KX-TS2352RU;ПБ Бирюлево Офис 2 (ул.Подольских курсантов, 22Б);1;2;
103;Телефон стационарный, проводной аналоговый TEXET TX-201;ПБ Бирюлево Офис 2 (ул.Подольских курсантов, 22Б);1;2;
104;Телефон стационарный, аппарат телефонный Panasonic KX-HDV100RUB;ПБ Бирюлево Офис 2 (ул.Подольских курсантов, 22Б);1;2;
105;Тестер кабельный, универсальный, Rexant 2468;ПБ Бирюлево Офис 2 (ул.Подольских курсантов, 22Б);1;2;
