vedpos;name;place;kolvo;placepriority;
1;Аппарат для нагрева и охлаждения воды, HotFrost бутыль 19л 220U,;ПБ Бирюлево Офис 2 (ул.Подольских курсантов, 22Б);1;1;
2;Дрель, -шуруповерт аккумуляторная BOSCH GSB 120-LI,;ПБ Бирюлево Офис 2 (ул.Подольских курсантов, 22Б);1;1;
3;Дрель, -шуруповерт аккумуляторная BOSCH GSB 18-2-LI Plus,;ПБ Бирюлево Офис 2 (ул.Подольских курсантов, 22Б);1;1;
4;ИБП, APC, Back-RS900VA(BR900GI),;ПБ Бирюлево Офис 2 (ул.Подольских курсантов, 22Б);1;1;
5;ИБП, APC, Back-UPS Pro 900,;ПБ Бирюлево Офис 2 (ул.Подольских курсантов, 22Б);3;1;
6;ИБП, APC, BR900MI,;ПБ Бирюлево Офис 2 (ул.Подольских курсантов, 22Б);1;1;
7;Инструмент обжимной, пресс-клещи (кримпер) CP-376,;ПБ Бирюлево Офис 2 (ул.Подольских курсантов, 22Б);1;1;
8;Компьютер, персональный компьютер, Dell 3470-0908 Core i3-8100, 4 Gb, 1 Tb, Linux,;ПБ Бирюлево Офис 2 (ул.Подольских курсантов, 22Б);1;1;
9;Компьютер, персональный компьютер, Dell Optiplex 3050 MT Windows 10,;ПБ Бирюлево Офис 2 (ул.Подольских курсантов, 22Б);1;1;
10;Компьютер, персональный компьютер, Dell Vostro 3268, Intel Core i57400/DDR4 4GB/1000GB Dos,;ПБ Бирюлево Офис 2 (ул.Подольских курсантов, 22Б);1;1;
11;Компьютер, персональный компьютер, Dell Vostro 3670-0939 Core i3-8100, 4 Gb, 1 Tb, Linux,;ПБ Бирюлево Офис 2 (ул.Подольских курсантов, 22Б);4;1;
12;Компьютер, персональный компьютер, HP 400 G3PD MT i56500 Dos,;ПБ Бирюлево Офис 2 (ул.Подольских курсантов, 22Б);1;1;
13;Компьютер, персональный компьютер, HP ProDesk 490 G3 MT i7-6700, 8GB, 1 Tb, Windows 10,;ПБ Бирюлево Офис 2 (ул.Подольских курсантов, 22Б);1;1;
14;Компьютер, системный блок, Dell Vostro 3671 i3-9100, 4 Gb, 1 Tb, Dos,;ПБ Бирюлево Офис 2 (ул.Подольских курсантов, 22Б);6;1;
15;Компьютер, системный блок, Dell Vostro 3671 i3-9100, 4 Gb, 1 Tb, Windows 10 Professional,;ПБ Бирюлево Офис 2 (ул.Подольских курсантов, 22Б);1;1;
16;Компьютер, системный блок, Dell Vostro 3681 Core i3-10100, 8GB, 1 Tb, Windows 10 Professional,;ПБ Бирюлево Офис 2 (ул.Подольских курсантов, 22Б);1;1;
17;Компьютер, системный блок, Dell Vostro 3681 Core i3-10100, 8GB, 1 Tb, Windows 10 Professional,;ПБ Бирюлево Офис 2 (ул.Подольских курсантов, 22Б);8;1;
18;Компьютер, системный блок, Dell Vostro 3888 i3, 8GB, 256Gb SSD, Windows 10,;ПБ Бирюлево Офис 2 (ул.Подольских курсантов, 22Б);1;1;
19;Компьютер, системный блок, Dell Vostro 3888 i3, 8GB, 256Gb SSD, Windows 10,;ПБ Бирюлево Офис 2 (ул.Подольских курсантов, 22Б);1;1;
20;Компьютер, системный блок, HP 400 ProDesk G2 MT Core i5-4590S, 4 Gb, 500 Gb, Dos,;ПБ Бирюлево Офис 2 (ул.Подольских курсантов, 22Б);1;1;
21;Компьютер, Системный блок, Intel Core i7-6700 Без предустановленного ПО,;ПБ Бирюлево Офис 2 (ул.Подольских курсантов, 22Б);1;1;
22;Компьютер, системный блок, Lenovo IdeaCentre 90hx001brs Без предустановленного ПО,;ПБ Бирюлево Офис 2 (ул.Подольских курсантов, 22Б);1;1;
23;"Монитор, Samsung 21.5""";ПБ Бирюлево Офис 2 (ул.Подольских курсантов, 22Б);3;1;
24;"Монитор, Samsung 27""";ПБ Бирюлево Офис 2 (ул.Подольских курсантов, 22Б);1;1;
25;"Монитор, Samsung S22E200NY 21.5""";ПБ Бирюлево Офис 2 (ул.Подольских курсантов, 22Б);1;1;
26;"Монитор, Samsung S22E390H 21.5""";ПБ Бирюлево Офис 2 (ул.Подольских курсантов, 22Б);1;1;
27;"Монитор, Samsung S24E390HL 23.6""";ПБ Бирюлево Офис 2 (ул.Подольских курсантов, 22Б);1;1;
28;"Монитор(8528521000), Dell 24""";ПБ Бирюлево Офис 2 (ул.Подольских курсантов, 22Б);2;1;
29;"Монитор(8528521000), Dell E2218HN 21.5""";ПБ Бирюлево Офис 2 (ул.Подольских курсантов, 22Б);1;1;
30;"Монитор(8528521000), Samsung S22E200B 21.5""";ПБ Бирюлево Офис 2 (ул.Подольских курсантов, 22Б);1;1;
31;"Монитор(8528599009), Acer 24""";ПБ Бирюлево Офис 2 (ул.Подольских курсантов, 22Б);1;1;
32;"Монитор(8528599009), Dell 21.5""";ПБ Бирюлево Офис 2 (ул.Подольских курсантов, 22Б);2;1;
33;"Монитор(8528599009), Dell E2218HN 21.5""";ПБ Бирюлево Офис 2 (ул.Подольских курсантов, 22Б);5;1;
34;"Монитор(8528599009), Dell E2418HN 23.8""";ПБ Бирюлево Офис 2 (ул.Подольских курсантов, 22Б);3;1;
35;"Монитор(8528599009), Dell E2420HS 23.8""";ПБ Бирюлево Офис 2 (ул.Подольских курсантов, 22Б);2;1;
36;"Монитор(8528599009), Samsung S27E390H 27""";ПБ Бирюлево Офис 2 (ул.Подольских курсантов, 22Б);2;1;
37;МФУ (принтер, копир, факс), KYOCERA Ecosys M2540dn,;ПБ Бирюлево Офис 2 (ул.Подольских курсантов, 22Б);1;1;
38;МФУ (принтер, копир, факс), Ricoh MP 2014AD,;ПБ Бирюлево Офис 2 (ул.Подольских курсантов, 22Б);1;1;
39;МФУ (принтер, копир, факс), Xerox WC 7225,;ПБ Бирюлево Офис 2 (ул.Подольских курсантов, 22Б);1;1;
40;Принтер, HP, LaserJet Enterprise M601dn;ПБ Бирюлево Офис 2 (ул.Подольских курсантов, 22Б);1;1;
41;Принтер, HP, LaserJet Pro M402dne;ПБ Бирюлево Офис 2 (ул.Подольских курсантов, 22Б);1;1;
42;Принтер, Xerox, Phaser 3260DNI;ПБ Бирюлево Офис 2 (ул.Подольских курсантов, 22Б);2;1;
43;Сетевое оборудование, коммутатор, Dahua, DH-PFS3009-8ET-96,;ПБ Бирюлево Офис 2 (ул.Подольских курсантов, 22Б);1;1;
44;Сетевое оборудование, коммутатор, Falcon Eye, FE-104-POE-S,;ПБ Бирюлево Офис 2 (ул.Подольских курсантов, 22Б);1;1;
45;Сетевое оборудование, коммутатор, Falcon Eye, FE-104-POE-S,;ПБ Бирюлево Офис 2 (ул.Подольских курсантов, 22Б);2;1;
46;Сетевое оборудование, коммутатор, HP, 1910-8 Switch,;ПБ Бирюлево Офис 2 (ул.Подольских курсантов, 22Б);1;1;
47;Сетевое оборудование, коммутатор, HP, 1920-48G,;ПБ Бирюлево Офис 2 (ул.Подольских курсантов, 22Б);7;1;
48;Сетевое оборудование, коммутатор, HP, HPE 1820 24G,;ПБ Бирюлево Офис 2 (ул.Подольских курсантов, 22Б);1;1;
49;Сетевое оборудование, коммутатор, HP, HPE 1820 24G,;ПБ Бирюлево Офис 2 (ул.Подольских курсантов, 22Б);1;1;
50;Сетевое оборудование, коммутатор, HP, HPE OfficeConnect 1950, JG960A,;ПБ Бирюлево Офис 2 (ул.Подольских курсантов, 22Б);1;1;
51;Сетевое оборудование, коммутатор, Tenda, TEG1105PD,;ПБ Бирюлево Офис 2 (ул.Подольских курсантов, 22Б);2;1;
52;Сетевое оборудование, коммутатор, TP-Link, TL-SF1005P,;ПБ Бирюлево Офис 2 (ул.Подольских курсантов, 22Б);1;1;
53;Сетевое оборудование, коммутатор, TP-Link, TL-SF1005P,;ПБ Бирюлево Офис 2 (ул.Подольских курсантов, 22Б);2;1;
54;Сетевое оборудование, коммутатор, ZyXEL, GS1900-24,;ПБ Бирюлево Офис 2 (ул.Подольских курсантов, 22Б);1;1;
55;Сетевое оборудование, маршрутизатор (роутер), Cisco, 880,;ПБ Бирюлево Офис 2 (ул.Подольских курсантов, 22Б);1;1;
56;Сетевое оборудование, маршрутизатор (роутер), ZyXEL, Keenetic Extra,;ПБ Бирюлево Офис 2 (ул.Подольских курсантов, 22Б);1;1;
57;Сетевое оборудование, точка доступа, Ubiquiti, PowerBeam M2-400,;ПБ Бирюлево Офис 2 (ул.Подольских курсантов, 22Б);3;1;
58;"Сетевое оборудование, шкаф телекоммуникационный, CABEUS, 19"" 9U,";ПБ Бирюлево Офис 2 (ул.Подольских курсантов, 22Б);2;1;
59;Система контроля, видеонаблюдение, IP камера Dahua DH-IPC-HFW2231TP-ZS,;ПБ Бирюлево Офис 2 (ул.Подольских курсантов, 22Б);8;1;
60;Система контроля, видеонаблюдение, IP камера Falcon Eye FE-IPC-DL200P,;ПБ Бирюлево Офис 2 (ул.Подольских курсантов, 22Б);2;1;
61;Система контроля, видеонаблюдение, IP камера HiWatch DS-I122,;ПБ Бирюлево Офис 2 (ул.Подольских курсантов, 22Б);9;1;
62;Система контроля, видеонаблюдение, IP камера HiWatch DS-l202,;ПБ Бирюлево Офис 2 (ул.Подольских курсантов, 22Б);2;1;
63;Система контроля, видеонаблюдение, видеокамера,;ПБ Бирюлево Офис 2 (ул.Подольских курсантов, 22Б);5;1;
64;Система контроля, видеонаблюдение, видеорегистратор Dahua DHI-XVR5216AN-S2,;ПБ Бирюлево Офис 2 (ул.Подольских курсантов, 22Б);1;1;
65;Система контроля, видеонаблюдение, видеорегистратор DHI-NVR-2208-4KS2,;ПБ Бирюлево Офис 2 (ул.Подольских курсантов, 22Б);1;1;
66;Система контроля, видеонаблюдение, видеорегистратор DHI-NVR2104-4KS2,;ПБ Бирюлево Офис 2 (ул.Подольских курсантов, 22Б);2;1;
67;Система контроля, видеонаблюдение, видеорегистратор DHI-NVR4116HS-4KS2,;ПБ Бирюлево Офис 2 (ул.Подольских курсантов, 22Б);1;1;
68;Система контроля, видеонаблюдение, видеорегистратор DHI-NVR4216-4KS2/L,;ПБ Бирюлево Офис 2 (ул.Подольских курсантов, 22Б);1;1;
69;Сканер, Canon, CanoScan LiDE 400;ПБ Бирюлево Офис 2 (ул.Подольских курсантов, 22Б);1;1;
70;"Телевизор, Mystery 32"", LED";ПБ Бирюлево Офис 2 (ул.Подольских курсантов, 22Б);1;1;
71;Телефон стационарный, аппарат телефонный Panasonic KX-DT521RU;ПБ Бирюлево Офис 2 (ул.Подольских курсантов, 22Б);2;1;
72;Телефон стационарный, аппарат телефонный Panasonic KX-HDV100RUB;ПБ Бирюлево Офис 2 (ул.Подольских курсантов, 22Б);1;1;
73;Телефон стационарный, аппарат телефонный Panasonic KX-TS2352RU;ПБ Бирюлево Офис 2 (ул.Подольских курсантов, 22Б);2;1;
74;Телефон стационарный, аппарат телефонный Ritmix RT-320;ПБ Бирюлево Офис 2 (ул.Подольских курсантов, 22Б);3;1;
75;Телефон стационарный, системный Panasonic KX-DT521RU;ПБ Бирюлево Офис 2 (ул.Подольских курсантов, 22Б);1;1;
76;Тестер кабельный, универсальный, МТ-7068;ПБ Бирюлево Офис 2 (ул.Подольских курсантов, 22Б);1;1;
77;Аппарат кассовый, Атол 30Ф, с фискальной памятью;Управление Офис 1 (Земляной вал, 61 стр. 2);1;1;
78;АТС модуль расширения, Panasonic, KX-TVM50,;Управление Офис 1 (Земляной вал, 61 стр. 2);1;1;
79;АТС модуль расширения, АСТАРТА, iBase TDMoIP 4xE1,;Управление Офис 1 (Земляной вал, 61 стр. 2);2;1;
80;Дрель, -шуруповерт аккумуляторная Makita 6319DWAE,;Управление Офис 1 (Земляной вал, 61 стр. 2);1;1;
81;ИБП, APC, Back-UPS BR900G-RS,;Управление Офис 1 (Земляной вал, 61 стр. 2);1;1;
82;ИБП, APC, Back-UPS Pro 900,;Управление Офис 1 (Земляной вал, 61 стр. 2);16;1;
83;ИБП, CyberPower, OR1000ELCDRM1U,;Управление Офис 1 (Земляной вал, 61 стр. 2);1;1;
84;Инструмент для сетей и компьютерной техники, для заделки кабеля, Cabeus HT-3240;Управление Офис 1 (Земляной вал, 61 стр. 2);1;1;
85;Клавиатура, USB Apple Magic Keyboard,;Управление Офис 1 (Земляной вал, 61 стр. 2);1;1;
86;Клавиатура, USB CHERRY G86-63400,;Управление Офис 1 (Земляной вал, 61 стр. 2);1;1;
87;Колонки для компьютерной техники, Logitech, Z-120;Управление Офис 1 (Земляной вал, 61 стр. 2);1;1;
88;"Компьютер, ноутбук, Acer Extensa EX215-51-569V 15.6"" Core i5-10210U, 512 Gb SSD, Windows 10,";Управление Офис 1 (Земляной вал, 61 стр. 2);1;1;
89;Компьютер, ноутбук, Acer TravelMate P2 TMP259-G2-M-55DP Windows 10,;Управление Офис 1 (Земляной вал, 61 стр. 2);1;1;
90;Компьютер, ноутбук, Lenovo IdeaPad 100-15 Без предустановленного ПО,;Управление Офис 1 (Земляной вал, 61 стр. 2);1;1;
91;"Компьютер, ноутбук, Lenovo IdeaPad 3-15 15.6"" i3-1005G1, 8GB, 512 Gb SSD, Windows 10,";Управление Офис 1 (Земляной вал, 61 стр. 2);1;1;
92;Компьютер, ноутбук, Lenovo V340-17IKB i3-8145U, 8GB, 1 Tb, Dos,;Управление Офис 1 (Земляной вал, 61 стр. 2);1;1;
93;Компьютер, персональный компьютер, Dell 3470 Dos,;Управление Офис 1 (Земляной вал, 61 стр. 2);1;1;
94;Компьютер, персональный компьютер, Dell 3470-0908 Core i3-8100, 4 Gb, 1 Tb, Linux,;Управление Офис 1 (Земляной вал, 61 стр. 2);4;1;
95;Компьютер, персональный компьютер, Dell Optiplex 3050 MT Windows 10,;Управление Офис 1 (Земляной вал, 61 стр. 2);2;1;
96;Компьютер, персональный компьютер, Dell Vostro 3268, Intel Core i57400/DDR4 4GB/1000GB Dos,;Управление Офис 1 (Земляной вал, 61 стр. 2);2;1;
97;Компьютер, персональный компьютер, Dell Vostro 3268, Intel Core i57400/DDR4 4GB/500GB Dos,;Управление Офис 1 (Земляной вал, 61 стр. 2);1;1;
98;Компьютер, персональный компьютер, Dell Vostro 3670-0939 Core i3-8100, 4 Gb, 1 Tb, Linux,;Управление Офис 1 (Земляной вал, 61 стр. 2);7;1;
99;Компьютер, персональный компьютер, HP 280 G1 MT Dos,;Управление Офис 1 (Земляной вал, 61 стр. 2);2;1;
100;Компьютер, персональный компьютер, HP 400G1PD DM Windows 7 Professional,;Управление Офис 1 (Земляной вал, 61 стр. 2);2;1;
101;Компьютер, персональный компьютер, HP 6300 i3-3220 Windows 7,;Управление Офис 1 (Земляной вал, 61 стр. 2);2;1;
102;Компьютер, персональный компьютер, HP 7300 Windows 7 Professional,;Управление Офис 1 (Земляной вал, 61 стр. 2);9;1;
103;Компьютер, персональный компьютер, HP ProDesk 400 G4 SFF i3-7100, 4 Gb, 500 Gb, Windows 10 Professional,;Управление Офис 1 (Земляной вал, 61 стр. 2);3;1;
104;Компьютер, персональный компьютер, HP Z220 Xeon E3-1240 Windows 7 Professional,;Управление Офис 1 (Земляной вал, 61 стр. 2);1;1;
105;Компьютер, персональный компьютер, HP, 500B MT Pentium , Windows 7,;Управление Офис 1 (Земляной вал, 61 стр. 2);7;1;
106;Компьютер, персональный компьютер, HP, Compaq dx2400  Windows 7,;Управление Офис 1 (Земляной вал, 61 стр. 2);4;1;
107;Компьютер, персональный компьютер, HP, dx2300 MT  DualCore PE-2160, Windows 7,;Управление Офис 1 (Земляной вал, 61 стр. 2);5;1;
108;Компьютер, планшет, Apple iPad 128Gb iOS,;Управление Офис 1 (Земляной вал, 61 стр. 2);1;1;
109;Компьютер, системный блок, Dell Vostro 3671 i3-9100, 4 Gb, 1 Tb, Dos,;Управление Офис 1 (Земляной вал, 61 стр. 2);6;1;
110;Компьютер, системный блок, Dell Vostro 3681 Core i3-10100, 8GB, 1 Tb, Windows 10 Professional,;Управление Офис 1 (Земляной вал, 61 стр. 2);2;1;
111;Компьютер, Системный блок, HP 280 G1 MT HP Care Pack,;Управление Офис 1 (Земляной вал, 61 стр. 2);2;1;
112;Компьютер, Системный блок, HP 3500 Pro MT Windows 7,;Управление Офис 1 (Земляной вал, 61 стр. 2);20;1;
113;Компьютер, Системный блок, HP 400 ProDesk G2 MT Core i5-4590S, 4 Gb, 1 Tb, Windows 7 Pro 64-bit,;Управление Офис 1 (Земляной вал, 61 стр. 2);1;1;
114;Компьютер, системный блок, HP 400 ProDesk G2 MT Core i5-4590S, 4 Gb, 500 Gb, Dos,;Управление Офис 1 (Земляной вал, 61 стр. 2);3;1;
115;Компьютер, системный блок, HP 600 G3 SFF ProDesk Dos,;Управление Офис 1 (Земляной вал, 61 стр. 2);1;1;
116;Компьютер, Системный блок, HP 6000 Windows 7 Professional,;Управление Офис 1 (Земляной вал, 61 стр. 2);4;1;
117;Компьютер, системный блок, HP 6200 Pro MT Core i3-2120, 2 Gb, 500 Gb, Windows 7 Professional,;Управление Офис 1 (Земляной вал, 61 стр. 2);20;1;
118;Компьютер, Системный блок, HP dc7600 Windows XP Prof Rus,;Управление Офис 1 (Земляной вал, 61 стр. 2);1;1;
119;Компьютер, Системный блок, HP ProDesk 600 G1 TWR Core i5-4570, 4 Gb, 500 Gb, Dos,;Управление Офис 1 (Земляной вал, 61 стр. 2);3;1;
120;Компьютер, системный блок, Lenovo IdeaCentre 90hx001brs Без предустановленного ПО,;Управление Офис 1 (Земляной вал, 61 стр. 2);1;1;
121;Лестница хозяйственная, стремянка, алюминевая, L=1,24м,;Управление Офис 1 (Земляной вал, 61 стр. 2);1;1;
122;Молоток, дерево квадратный боек, 0,400кг,;Управление Офис 1 (Земляной вал, 61 стр. 2);1;1;
123;"Монитор, Samsung 22""";Управление Офис 1 (Земляной вал, 61 стр. 2);31;1;
124;"Монитор, Samsung 23.6""";Управление Офис 1 (Земляной вал, 61 стр. 2);1;1;
125;"Монитор, Samsung 23""";Управление Офис 1 (Земляной вал, 61 стр. 2);8;1;
126;"Монитор, Samsung E2220N 21.5""";Управление Офис 1 (Земляной вал, 61 стр. 2);6;1;
127;"Монитор, Samsung S22B300B 21.5""";Управление Офис 1 (Земляной вал, 61 стр. 2);1;1;
128;"Монитор, Samsung S22C450B 21.5""";Управление Офис 1 (Земляной вал, 61 стр. 2);1;1;
129;"Монитор, Samsung S22D300HY 21.5""";Управление Офис 1 (Земляной вал, 61 стр. 2);1;1;
130;"Монитор, Samsung S22E200NY 21.5""";Управление Офис 1 (Земляной вал, 61 стр. 2);5;1;
131;"Монитор, Samsung S22E450B 21.5""";Управление Офис 1 (Земляной вал, 61 стр. 2);1;1;
132;"Монитор, Samsung S24D300H 24""";Управление Офис 1 (Земляной вал, 61 стр. 2);2;1;
133;"Монитор, Samsung S24E390HL 23.6""";Управление Офис 1 (Земляной вал, 61 стр. 2);7;1;
134;"Монитор, Samsung S24F350FHI 23.5""";Управление Офис 1 (Земляной вал, 61 стр. 2);3;1;
135;"Монитор(8528521000), Dell 23""";Управление Офис 1 (Земляной вал, 61 стр. 2);1;1;
136;"Монитор(8528521000), Dell 24""";Управление Офис 1 (Земляной вал, 61 стр. 2);1;1;
137;"Монитор(8528521000), HP 24""";Управление Офис 1 (Земляной вал, 61 стр. 2);2;1;
138;"Монитор(8528521000), HP E241i 24""";Управление Офис 1 (Земляной вал, 61 стр. 2);1;1;
139;"Монитор(8528521000), Philips 27""";Управление Офис 1 (Земляной вал, 61 стр. 2);1;1;
140;"Монитор(8528521000), Samsung S23E200B 23""";Управление Офис 1 (Земляной вал, 61 стр. 2);2;1;
141;"Монитор(8528521000), Samsung S24F350FHI 23.5""";Управление Офис 1 (Земляной вал, 61 стр. 2);1;1;
142;"Монитор(8528599009), Dell E2218HN 21.5""";Управление Офис 1 (Земляной вал, 61 стр. 2);6;1;
143;"Монитор(8528599009), Dell E2418HN 23.8""";Управление Офис 1 (Земляной вал, 61 стр. 2);5;1;
144;"Монитор(8528599009), Dell SE2416H 23.8""";Управление Офис 1 (Земляной вал, 61 стр. 2);3;1;
145;МФУ (принтер, копир, факс), Canon i-SENSYS MF416dw,;Управление Офис 1 (Земляной вал, 61 стр. 2);2;1;
146;МФУ (принтер, копир, факс), HP LaserJet M1536 , принтер+сканер+копир А4,;Управление Офис 1 (Земляной вал, 61 стр. 2);1;1;
147;МФУ (принтер, копир, факс), HP LaserJet Pro 400 M425dn,;Управление Офис 1 (Земляной вал, 61 стр. 2);3;1;
148;МФУ (принтер, копир, факс), HP LaserJet Pro M225 (CF485A), А4,;Управление Офис 1 (Земляной вал, 61 стр. 2);1;1;
149;МФУ (принтер, копир, факс), HP LaserJet Pro M426fdn, А4,;Управление Офис 1 (Земляной вал, 61 стр. 2);5;1;
150;МФУ (принтер, копир, факс), HP LaserJet Pro M428dw,;Управление Офис 1 (Земляной вал, 61 стр. 2);1;1;
151;МФУ (принтер, копир, факс), KYOCERA Ecosys M2035DN, принтер+сканер+копир А4,;Управление Офис 1 (Земляной вал, 61 стр. 2);2;1;
152;МФУ (принтер, копир, факс), KYOCERA Ecosys M3040IDN, А4,;Управление Офис 1 (Земляной вал, 61 стр. 2);2;1;
153;МФУ (принтер, копир, факс), KYOCERA Ecosys M5526cdn,;Управление Офис 1 (Земляной вал, 61 стр. 2);1;1;
154;МФУ (принтер, копир, факс), KYOCERA TASKalfa 1800,;Управление Офис 1 (Земляной вал, 61 стр. 2);1;1;
155;МФУ (принтер, копир, факс), Xerox WC 7220, принтер+сканер+копир А3,;Управление Офис 1 (Земляной вал, 61 стр. 2);2;1;
156;МФУ (принтер, копир, факс), Xerox WC 7220, принтер+сканер+копир А3,;Управление Офис 1 (Земляной вал, 61 стр. 2);1;1;
157;Набор инструментальный, универсальный 39предм.,;Управление Офис 1 (Земляной вал, 61 стр. 2);1;1;
158;Обогреватель, анодированный ZPAS WN-0211-02-00-000,;Управление Офис 1 (Земляной вал, 61 стр. 2);1;1;
159;Оборудование для резки и уничтожения бумаги, уничтожитель бумаги(шредер) Gladwork Aquarium 25CD;Управление Офис 1 (Земляной вал, 61 стр. 2);1;1;
160;Оборудование для резки и уничтожения бумаги, уничтожитель бумаги(шредер) HSM SECURIO C14-4х25;Управление Офис 1 (Земляной вал, 61 стр. 2);1;1;
161;Оборудование для резки и уничтожения бумаги, уничтожитель бумаги(шредер) HSM ShredStar X5-4.5x30;Управление Офис 1 (Земляной вал, 61 стр. 2);1;1;
162;Перфоратор, Makita HR160DWA 1,2Дж 12В SDS-plus;Управление Офис 1 (Земляной вал, 61 стр. 2);1;1;
163;Перфоратор, Makita HR2450 950Вт, 15Дж SDS-Max;Управление Офис 1 (Земляной вал, 61 стр. 2);1;1;
164;Прибор, тестер для проверки качества видеосигнала, Expert-4IP/CMOT;Управление Офис 1 (Земляной вал, 61 стр. 2);1;1;
165;Принтер, Brother, QL-800;Управление Офис 1 (Земляной вал, 61 стр. 2);1;1;
166;Принтер, Canon, PIXMA IX6840;Управление Офис 1 (Земляной вал, 61 стр. 2);2;1;
167;Принтер, HP, LaserJet M601n А4,;Управление Офис 1 (Земляной вал, 61 стр. 2);1;1;
168;Принтер, HP, LaserJet P2055dn CE459A;Управление Офис 1 (Земляной вал, 61 стр. 2);2;1;
169;Принтер, HP, LaserJet Pro 400 M401d;Управление Офис 1 (Земляной вал, 61 стр. 2);10;1;
170;Принтер, Ricoh, SP C250DN;Управление Офис 1 (Земляной вал, 61 стр. 2);1;1;
171;Радиостанция, портативная FT-60R Yaesu;Управление Офис 1 (Земляной вал, 61 стр. 2);2;1;
172;Сетевое оборудование, коммутатор, Dahua, DH-(PFS3110)-8P-96,;Управление Офис 1 (Земляной вал, 61 стр. 2);3;1;
173;Сетевое оборудование, коммутатор, HP, 1910-48G,;Управление Офис 1 (Земляной вал, 61 стр. 2);7;1;
174;Сетевое оборудование, коммутатор, HP, 1910-8G,;Управление Офис 1 (Земляной вал, 61 стр. 2);1;1;
175;Сетевое оборудование, коммутатор, HP, 1920-48G,;Управление Офис 1 (Земляной вал, 61 стр. 2);2;1;
176;Сетевое оборудование, коммутатор, HP, PS1810-8G,;Управление Офис 1 (Земляной вал, 61 стр. 2);2;1;
177;Сетевое оборудование, коммутатор, ZyXEL, GS-105B,;Управление Офис 1 (Земляной вал, 61 стр. 2);2;1;
178;Сетевое оборудование, коммутатор, ZyXEL, GS-108B,;Управление Офис 1 (Земляной вал, 61 стр. 2);7;1;
179;Сетевое оборудование, маршрутизатор (роутер), ZTE, MF283V,;Управление Офис 1 (Земляной вал, 61 стр. 2);3;1;
180;Сетевое оборудование, маршрутизатор (роутер), ZTE, MF838FT,;Управление Офис 1 (Земляной вал, 61 стр. 2);1;1;
181;Сетевое оборудование, маршрутизатор (роутер), ZyXEL, Keenetic,;Управление Офис 1 (Земляной вал, 61 стр. 2);1;1;
182;Сетевое оборудование, точка доступа, Ubiquiti, Bullet,;Управление Офис 1 (Земляной вал, 61 стр. 2);7;1;
183;"Сетевое оборудование, шкаф телекоммуникационный, CABEUS, 19"" 9U,";Управление Офис 1 (Земляной вал, 61 стр. 2);4;1;
184;Система контроля, видеонаблюдение, IP камера Dahua DH-IPC-HFW2231TP-ZS,;Управление Офис 1 (Земляной вал, 61 стр. 2);10;1;
185;Система контроля, видеонаблюдение, видеокамера,;Управление Офис 1 (Земляной вал, 61 стр. 2);35;1;
186;Система контроля, видеонаблюдение, видеокамера,;Управление Офис 1 (Земляной вал, 61 стр. 2);1;1;
187;Система контроля, видеонаблюдение, видеорегистратор Dahua DHI-XVR4116HS-1,;Управление Офис 1 (Земляной вал, 61 стр. 2);3;1;
188;Система контроля, видеонаблюдение, видеорегистратор DHI-NVR-5216-4KS2,;Управление Офис 1 (Земляной вал, 61 стр. 2);1;1;
189;Система контроля, видеонаблюдение, видеорегистратор DS-7316HI-ST,;Управление Офис 1 (Земляной вал, 61 стр. 2);1;1;
190;Система контроля, видеонаблюдение, видеорегистратор,;Управление Офис 1 (Земляной вал, 61 стр. 2);4;1;
191;Система контроля, доступ, контроллер Sphinx E500,;Управление Офис 1 (Земляной вал, 61 стр. 2);2;1;
192;Система контроля, доступ, турникет,;Управление Офис 1 (Земляной вал, 61 стр. 2);6;1;
193;Сканер, Canon, CanoScan LiDE 400;Управление Офис 1 (Земляной вал, 61 стр. 2);1;1;
194;Сканер, Canon, DR-C125;Управление Офис 1 (Земляной вал, 61 стр. 2);1;1;
195;Сканер, Canon, P 215 DMS;Управление Офис 1 (Земляной вал, 61 стр. 2);1;1;
196;Сканер, Canon, P-215 II;Управление Офис 1 (Земляной вал, 61 стр. 2);2;1;
197;"Сумка, 15,6"", для ноутбука, нейлон,";Управление Офис 1 (Земляной вал, 61 стр. 2);1;1;
198;Телефон мобильный, Samsung,;Управление Офис 1 (Земляной вал, 61 стр. 2);1;1;
199;Телефон мобильный, Samsung, Galaxy A01 SM-A015F;Управление Офис 1 (Земляной вал, 61 стр. 2);1;1;
200;Телефон стационарный, IP-телефон Panasonic KX-NT511ARUW;Управление Офис 1 (Земляной вал, 61 стр. 2);2;1;
201;Телефон стационарный, аппарат телефонный Panasonic KX-DT521RU;Управление Офис 1 (Земляной вал, 61 стр. 2);1;1;
202;Телефон стационарный, проводной цифровой Panasonic KX-DT321RU;Управление Офис 1 (Земляной вал, 61 стр. 2);12;1;
203;Телефон стационарный, проводной цифровой Panasonic KX-DT546RU;Управление Офис 1 (Земляной вал, 61 стр. 2);1;1;
204;Телефон стационарный, системный Panasonic KX-DT521RU;Управление Офис 1 (Земляной вал, 61 стр. 2);4;1;
205;Телефон стационарный, системный Panasonic KX-DT543RUB;Управление Офис 1 (Земляной вал, 61 стр. 2);1;1;
206;Холодильник, Смоленск 417,;Управление Офис 1 (Земляной вал, 61 стр. 2);1;1;
207;Прибор, накопитель фискальный ФН-М;Управление Офис 1 (Земляной вал, 61 стр. 2);1;1;
208;Система контроля, видеонаблюдение, IP камера Falcon Eye FE-IPC-DP2e-30p,;ПБ Бирюлево Офис 2 (ул.Подольских курсантов, 22Б);1;1;
